transaction_id,customer_id,merchant_id,transaction_timestamp,amount,transaction_type,merchant_category,transaction_city,transaction_state,channel,card_type,full_name,age,gender,home_city,home_state,customer_segment,merchant_name,merchant_city,merchant_state,risk_level,is_high_amount,is_location_mismatch,is_high_risk_merchant,transaction_hour,is_night_transaction,txn_count_same_hour,is_rapid_repeat,risk_score,fraud_flag,risk_level_category,fraud_reason
T0160,C001,M008,2026-04-06T02:11:00.000Z,46.75,Purchase,Travel,City_1,TX,Online,Credit,Customer_1,62,F,City_5,CA,Standard,Merchant_8,City_13,IL,Medium,0,1,0,2,1,1,0,35,No,Medium,"Location Mismatch, Night Transaction"
T0757,C001,M030,2026-04-07T05:23:00.000Z,3551.19,Purchase,Luxury,City_11,FL,POS,Credit,Customer_1,62,F,City_5,CA,Standard,Merchant_30,City_7,TX,Medium,1,1,0,5,1,2,0,75,Yes,High,"High Amount, Location Mismatch, Night Transaction"
T0497,C001,M012,2026-04-02T05:52:00.000Z,612.54,Purchase,Grocery,City_5,IL,POS,Debit,Customer_1,62,F,City_5,CA,Standard,Merchant_12,City_2,WA,High,0,1,1,5,1,2,0,50,Yes,High,"Location Mismatch, High Risk Merchant, Night Transaction"
T0882,C001,M001,2026-04-04T13:09:00.000Z,2839.48,Purchase,Luxury,City_12,WA,Online,Debit,Customer_1,62,F,City_5,CA,Standard,Merchant_1,City_16,WA,Medium,1,1,0,13,0,1,0,65,Yes,High,"High Amount, Location Mismatch"
T0524,C001,M009,2026-04-03T15:13:00.000Z,291.81,Purchase,Luxury,City_1,CA,POS,Debit,Customer_1,62,F,City_5,CA,Standard,Merchant_9,City_12,IL,High,0,0,1,15,0,1,0,15,No,Low,High Risk Merchant
T0152,C001,M006,2026-04-04T16:25:00.000Z,2688.61,Purchase,Electronics,City_20,CA,Online,Credit,Customer_1,62,F,City_5,CA,Standard,Merchant_6,City_18,WA,High,1,0,1,16,0,1,0,55,Yes,High,"High Amount, High Risk Merchant"
T0002,C001,M007,2026-04-04T19:08:00.000Z,2118.25,Purchase,Retail,City_1,CA,POS,Debit,Customer_1,62,F,City_5,CA,Standard,Merchant_7,City_10,FL,High,1,0,1,19,0,1,0,55,Yes,High,"High Amount, High Risk Merchant"
T0996,C001,M015,2026-04-04T20:50:00.000Z,3301.14,Purchase,Electronics,City_18,NY,POS,Debit,Customer_1,62,F,City_5,CA,Standard,Merchant_15,City_16,FL,Medium,1,1,0,20,0,1,0,65,Yes,High,"High Amount, Location Mismatch"
T0746,C002,M020,2026-04-06T00:22:00.000Z,3079.48,Purchase,Travel,City_12,NY,POS,Credit,Customer_2,32,M,City_11,WA,Standard,Merchant_20,City_13,TX,Medium,1,1,0,0,1,1,0,75,Yes,High,"High Amount, Location Mismatch, Night Transaction"
T0122,C002,M011,2026-04-04T01:43:00.000Z,3654.49,Purchase,Luxury,City_18,TX,POS,Credit,Customer_2,32,M,City_11,WA,Standard,Merchant_11,City_20,IL,High,1,1,1,1,1,1,0,90,Yes,High,"High Amount, Location Mismatch, High Risk Merchant, Night Transaction"
T0829,C002,M016,2026-04-02T05:14:00.000Z,4349.51,Purchase,Retail,City_16,NY,Online,Credit,Customer_2,32,M,City_11,WA,Standard,Merchant_16,City_5,CA,Medium,1,1,0,5,1,1,0,75,Yes,High,"High Amount, Location Mismatch, Night Transaction"
T0796,C002,M028,2026-04-06T07:33:00.000Z,4741.3,Purchase,Grocery,City_18,IL,POS,Debit,Customer_2,32,M,City_11,WA,Standard,Merchant_28,City_3,IL,High,1,1,1,7,0,1,0,80,Yes,High,"High Amount, Location Mismatch, High Risk Merchant"
T0184,C002,M013,2026-04-02T08:02:00.000Z,922.39,Purchase,Retail,City_1,FL,Online,Credit,Customer_2,32,M,City_11,WA,Standard,Merchant_13,City_12,NY,High,0,1,1,8,0,1,0,40,No,Medium,"Location Mismatch, High Risk Merchant"
T0536,C002,M021,2026-04-04T10:46:00.000Z,3726.4,Purchase,Electronics,City_15,CA,Online,Debit,Customer_2,32,M,City_11,WA,Standard,Merchant_21,City_16,TX,Low,1,1,0,10,0,2,0,65,Yes,High,"High Amount, Location Mismatch"
T0567,C002,M027,2026-04-02T10:20:00.000Z,1042.48,Purchase,Online,City_4,CA,Online,Debit,Customer_2,32,M,City_11,WA,Standard,Merchant_27,City_12,CA,High,0,1,1,10,0,2,0,40,No,Medium,"Location Mismatch, High Risk Merchant"
T0417,C002,M018,2026-04-04T11:45:00.000Z,2659.49,Purchase,Electronics,City_9,WA,POS,Credit,Customer_2,32,M,City_11,WA,Standard,Merchant_18,City_1,IL,High,1,0,1,11,0,1,0,55,Yes,High,"High Amount, High Risk Merchant"
T0059,C002,M011,2026-04-01T12:38:00.000Z,3295.31,Purchase,Luxury,City_4,TX,Online,Debit,Customer_2,32,M,City_11,WA,Standard,Merchant_11,City_20,IL,High,1,1,1,12,0,1,0,80,Yes,High,"High Amount, Location Mismatch, High Risk Merchant"
T0270,C002,M002,2026-04-06T14:09:00.000Z,3045.85,Purchase,Luxury,City_8,CA,Online,Debit,Customer_2,32,M,City_11,WA,Standard,Merchant_2,City_11,CA,High,1,1,1,14,0,3,1,100,Yes,High,"High Amount, Location Mismatch, High Risk Merchant, Rapid Repeat"
T0213,C002,M014,2026-04-04T14:20:00.000Z,4210.36,Purchase,Grocery,City_15,CA,POS,Credit,Customer_2,32,M,City_11,WA,Standard,Merchant_14,City_8,CA,High,1,1,1,14,0,3,1,100,Yes,High,"High Amount, Location Mismatch, High Risk Merchant, Rapid Repeat"
T0978,C002,M023,2026-04-07T14:53:00.000Z,3018.97,Purchase,Retail,City_11,IL,POS,Debit,Customer_2,32,M,City_11,WA,Standard,Merchant_23,City_15,TX,High,1,1,1,14,0,3,1,100,Yes,High,"High Amount, Location Mismatch, High Risk Merchant, Rapid Repeat"
T0459,C002,M019,2026-04-02T15:22:00.000Z,1961.73,Purchase,Luxury,City_19,FL,Online,Credit,Customer_2,32,M,City_11,WA,Standard,Merchant_19,City_10,CA,Low,0,1,0,15,0,1,0,25,No,Medium,Location Mismatch
T0910,C002,M011,2026-04-01T18:21:00.000Z,2281.84,Purchase,Luxury,City_3,NY,Online,Credit,Customer_2,32,M,City_11,WA,Standard,Merchant_11,City_20,IL,High,1,1,1,18,0,1,0,80,Yes,High,"High Amount, Location Mismatch, High Risk Merchant"
T0339,C002,M008,2026-04-04T21:32:00.000Z,4307.87,Purchase,Travel,City_15,IL,POS,Credit,Customer_2,32,M,City_11,WA,Standard,Merchant_8,City_13,IL,Medium,1,1,0,21,0,1,0,65,Yes,High,"High Amount, Location Mismatch"
T0205,C002,M021,2026-04-04T22:09:00.000Z,799.77,Purchase,Electronics,City_9,FL,POS,Credit,Customer_2,32,M,City_11,WA,Standard,Merchant_21,City_16,TX,Low,0,1,0,22,0,1,0,25,No,Medium,Location Mismatch
T0592,C002,M007,2026-04-01T23:29:00.000Z,3677.24,Purchase,Retail,City_2,NY,Online,Credit,Customer_2,32,M,City_11,WA,Standard,Merchant_7,City_10,FL,High,1,1,1,23,0,2,0,80,Yes,High,"High Amount, Location Mismatch, High Risk Merchant"
T0279,C002,M008,2026-04-02T23:03:00.000Z,369.94,Purchase,Travel,City_8,IL,Online,Debit,Customer_2,32,M,City_11,WA,Standard,Merchant_8,City_13,IL,Medium,0,1,0,23,0,2,0,25,No,Medium,Location Mismatch
T0350,C003,M029,2026-04-03T00:03:00.000Z,2502.25,Purchase,Travel,City_10,IL,Online,Debit,Customer_3,45,M,City_8,WA,Premium,Merchant_29,City_3,IL,Low,1,1,0,0,1,1,0,75,Yes,High,"High Amount, Location Mismatch, Night Transaction"
T0581,C003,M001,2026-04-07T02:27:00.000Z,4940.84,Purchase,Luxury,City_16,CA,Online,Debit,Customer_3,45,M,City_8,WA,Premium,Merchant_1,City_16,WA,Medium,1,1,0,2,1,1,0,75,Yes,High,"High Amount, Location Mismatch, Night Transaction"
T0485,C003,M018,2026-04-03T03:26:00.000Z,4068.92,Purchase,Electronics,City_13,CA,POS,Credit,Customer_3,45,M,City_8,WA,Premium,Merchant_18,City_1,IL,High,1,1,1,3,1,1,0,90,Yes,High,"High Amount, Location Mismatch, High Risk Merchant, Night Transaction"
T0271,C003,M007,2026-04-02T05:47:00.000Z,2617.0,Purchase,Retail,City_7,TX,POS,Debit,Customer_3,45,M,City_8,WA,Premium,Merchant_7,City_10,FL,High,1,1,1,5,1,1,0,90,Yes,High,"High Amount, Location Mismatch, High Risk Merchant, Night Transaction"
T0634,C003,M021,2026-04-03T08:41:00.000Z,3155.78,Purchase,Electronics,City_14,IL,POS,Credit,Customer_3,45,M,City_8,WA,Premium,Merchant_21,City_16,TX,Low,1,1,0,8,0,2,0,65,Yes,High,"High Amount, Location Mismatch"
T0852,C003,M009,2026-04-02T08:14:00.000Z,2807.94,Purchase,Luxury,City_18,IL,POS,Debit,Customer_3,45,M,City_8,WA,Premium,Merchant_9,City_12,IL,High,1,1,1,8,0,2,0,80,Yes,High,"High Amount, Location Mismatch, High Risk Merchant"
T0610,C003,M012,2026-04-04T10:21:00.000Z,3568.5,Purchase,Grocery,City_2,TX,Online,Credit,Customer_3,45,M,City_8,WA,Premium,Merchant_12,City_2,WA,High,1,1,1,10,0,1,0,80,Yes,High,"High Amount, Location Mismatch, High Risk Merchant"
T0312,C003,M027,2026-04-05T11:09:00.000Z,2825.26,Purchase,Online,City_10,WA,Online,Credit,Customer_3,45,M,City_8,WA,Premium,Merchant_27,City_12,CA,High,1,0,1,11,0,1,0,55,Yes,High,"High Amount, High Risk Merchant"
T0200,C003,M001,2026-04-07T14:12:00.000Z,353.11,Purchase,Luxury,City_3,TX,POS,Debit,Customer_3,45,M,City_8,WA,Premium,Merchant_1,City_16,WA,Medium,0,1,0,14,0,2,0,25,No,Medium,Location Mismatch
T0035,C003,M010,2026-04-07T14:10:00.000Z,3052.23,Purchase,Grocery,City_20,CA,POS,Credit,Customer_3,45,M,City_8,WA,Premium,Merchant_10,City_4,NY,Low,1,1,0,14,0,2,0,65,Yes,High,"High Amount, Location Mismatch"
T0511,C003,M018,2026-04-04T15:36:00.000Z,3537.42,Purchase,Electronics,City_20,IL,Online,Credit,Customer_3,45,M,City_8,WA,Premium,Merchant_18,City_1,IL,High,1,1,1,15,0,1,0,80,Yes,High,"High Amount, Location Mismatch, High Risk Merchant"
T0556,C003,M007,2026-04-06T17:51:00.000Z,2617.89,Purchase,Retail,City_13,WA,Online,Debit,Customer_3,45,M,City_8,WA,Premium,Merchant_7,City_10,FL,High,1,0,1,17,0,2,0,55,Yes,High,"High Amount, High Risk Merchant"
T0234,C003,M029,2026-04-06T17:01:00.000Z,3818.82,Purchase,Travel,City_10,NY,POS,Debit,Customer_3,45,M,City_8,WA,Premium,Merchant_29,City_3,IL,Low,1,1,0,17,0,2,0,65,Yes,High,"High Amount, Location Mismatch"
T0986,C003,M011,2026-04-06T18:02:00.000Z,462.96,Purchase,Luxury,City_5,WA,POS,Credit,Customer_3,45,M,City_8,WA,Premium,Merchant_11,City_20,IL,High,0,0,1,18,0,1,0,15,No,Low,High Risk Merchant
T0475,C003,M024,2026-04-02T20:05:00.000Z,413.44,Purchase,Electronics,City_20,TX,POS,Credit,Customer_3,45,M,City_8,WA,Premium,Merchant_24,City_6,FL,High,0,1,1,20,0,1,0,40,No,Medium,"Location Mismatch, High Risk Merchant"
T0093,C003,M013,2026-04-01T21:30:00.000Z,357.33,Purchase,Retail,City_3,TX,Online,Debit,Customer_3,45,M,City_8,WA,Premium,Merchant_13,City_12,NY,High,0,1,1,21,0,1,0,40,No,Medium,"Location Mismatch, High Risk Merchant"
T0914,C003,M030,2026-04-01T23:35:00.000Z,1607.96,Purchase,Luxury,City_15,FL,Online,Credit,Customer_3,45,M,City_8,WA,Premium,Merchant_30,City_7,TX,Medium,0,1,0,23,0,1,0,25,No,Medium,Location Mismatch
T0739,C004,M027,2026-04-03T01:01:00.000Z,4390.0,Purchase,Online,City_3,NY,POS,Debit,Customer_4,65,F,City_4,WA,Standard,Merchant_27,City_12,CA,High,1,1,1,1,1,1,0,90,Yes,High,"High Amount, Location Mismatch, High Risk Merchant, Night Transaction"
T0777,C004,M026,2026-04-02T03:09:00.000Z,4747.65,Purchase,Retail,City_3,TX,POS,Debit,Customer_4,65,F,City_4,WA,Standard,Merchant_26,City_17,FL,Low,1,1,0,3,1,4,1,95,Yes,High,"High Amount, Location Mismatch, Night Transaction, Rapid Repeat"
T0823,C004,M015,2026-04-04T03:40:00.000Z,2990.37,Purchase,Electronics,City_18,NY,Online,Credit,Customer_4,65,F,City_4,WA,Standard,Merchant_15,City_16,FL,Medium,1,1,0,3,1,4,1,95,Yes,High,"High Amount, Location Mismatch, Night Transaction, Rapid Repeat"
T0920,C004,M004,2026-04-02T03:44:00.000Z,2775.88,Purchase,Grocery,City_1,NY,POS,Debit,Customer_4,65,F,City_4,WA,Standard,Merchant_4,City_3,TX,Medium,1,1,0,3,1,4,1,95,Yes,High,"High Amount, Location Mismatch, Night Transaction, Rapid Repeat"
T0130,C004,M010,2026-04-05T03:20:00.000Z,1877.4,Purchase,Grocery,City_20,NY,POS,Credit,Customer_4,65,F,City_4,WA,Standard,Merchant_10,City_4,NY,Low,0,1,0,3,1,4,1,55,Yes,High,"Location Mismatch, Night Transaction, Rapid Repeat"
T0534,C004,M030,2026-04-04T06:25:00.000Z,3994.87,Purchase,Luxury,City_11,FL,Online,Credit,Customer_4,65,F,City_4,WA,Standard,Merchant_30,City_7,TX,Medium,1,1,0,6,0,1,0,65,Yes,High,"High Amount, Location Mismatch"
T0819,C004,M019,2026-04-03T07:10:00.000Z,1528.86,Purchase,Luxury,City_10,WA,POS,Credit,Customer_4,65,F,City_4,WA,Standard,Merchant_19,City_10,CA,Low,0,0,0,7,0,2,0,0,No,Low,""
T0863,C004,M030,2026-04-01T07:32:00.000Z,280.77,Purchase,Luxury,City_10,CA,Online,Debit,Customer_4,65,F,City_4,WA,Standard,Merchant_30,City_7,TX,Medium,0,1,0,7,0,2,0,25,No,Medium,Location Mismatch
T0329,C004,M013,2026-04-04T09:18:00.000Z,1459.62,Purchase,Retail,City_18,NY,Online,Debit,Customer_4,65,F,City_4,WA,Standard,Merchant_13,City_12,NY,High,0,1,1,9,0,1,0,40,No,Medium,"Location Mismatch, High Risk Merchant"
T0575,C004,M023,2026-04-02T17:27:00.000Z,1330.88,Purchase,Retail,City_8,CA,POS,Debit,Customer_4,65,F,City_4,WA,Standard,Merchant_23,City_15,TX,High,0,1,1,17,0,1,0,40,No,Medium,"Location Mismatch, High Risk Merchant"
T0690,C004,M016,2026-04-03T18:46:00.000Z,1174.52,Purchase,Retail,City_12,TX,POS,Credit,Customer_4,65,F,City_4,WA,Standard,Merchant_16,City_5,CA,Medium,0,1,0,18,0,1,0,25,No,Medium,Location Mismatch
T0730,C004,M010,2026-04-02T19:23:00.000Z,2371.17,Purchase,Grocery,City_13,FL,POS,Credit,Customer_4,65,F,City_4,WA,Standard,Merchant_10,City_4,NY,Low,1,1,0,19,0,1,0,65,Yes,High,"High Amount, Location Mismatch"
T0795,C004,M001,2026-04-06T22:39:00.000Z,4418.84,Purchase,Luxury,City_18,WA,POS,Credit,Customer_4,65,F,City_4,WA,Standard,Merchant_1,City_16,WA,Medium,1,0,0,22,0,1,0,40,No,Medium,High Amount
T0648,C005,M007,2026-04-02T00:55:00.000Z,1400.42,Purchase,Retail,City_18,TX,POS,Debit,Customer_5,26,M,City_15,WA,Standard,Merchant_7,City_10,FL,High,0,1,1,0,1,2,0,50,Yes,High,"Location Mismatch, High Risk Merchant, Night Transaction"
T0388,C005,M002,2026-04-03T00:31:00.000Z,634.02,Purchase,Luxury,City_7,IL,POS,Credit,Customer_5,26,M,City_15,WA,Standard,Merchant_2,City_11,CA,High,0,1,1,0,1,2,0,50,Yes,High,"Location Mismatch, High Risk Merchant, Night Transaction"
T0798,C005,M025,2026-04-04T04:16:00.000Z,3327.62,Purchase,Retail,City_12,IL,Online,Credit,Customer_5,26,M,City_15,WA,Standard,Merchant_25,City_5,CA,Medium,1,1,0,4,1,1,0,75,Yes,High,"High Amount, Location Mismatch, Night Transaction"
T0685,C005,M023,2026-04-07T05:14:00.000Z,3647.96,Purchase,Retail,City_4,IL,Online,Credit,Customer_5,26,M,City_15,WA,Standard,Merchant_23,City_15,TX,High,1,1,1,5,1,2,0,90,Yes,High,"High Amount, Location Mismatch, High Risk Merchant, Night Transaction"
T0023,C005,M016,2026-04-05T05:03:00.000Z,3821.13,Purchase,Retail,City_7,IL,Online,Credit,Customer_5,26,M,City_15,WA,Standard,Merchant_16,City_5,CA,Medium,1,1,0,5,1,2,0,75,Yes,High,"High Amount, Location Mismatch, Night Transaction"
T0624,C005,M009,2026-04-03T06:35:00.000Z,4083.63,Purchase,Luxury,City_15,NY,POS,Credit,Customer_5,26,M,City_15,WA,Standard,Merchant_9,City_12,IL,High,1,1,1,6,0,1,0,80,Yes,High,"High Amount, Location Mismatch, High Risk Merchant"
T0660,C005,M002,2026-04-01T10:10:00.000Z,4748.66,Purchase,Luxury,City_16,NY,Online,Debit,Customer_5,26,M,City_15,WA,Standard,Merchant_2,City_11,CA,High,1,1,1,10,0,2,0,80,Yes,High,"High Amount, Location Mismatch, High Risk Merchant"
T0076,C005,M004,2026-04-05T10:41:00.000Z,700.54,Purchase,Grocery,City_8,NY,POS,Debit,Customer_5,26,M,City_15,WA,Standard,Merchant_4,City_3,TX,Medium,0,1,0,10,0,2,0,25,No,Medium,Location Mismatch
T0886,C005,M022,2026-04-03T11:44:00.000Z,3669.29,Purchase,Online,City_2,WA,POS,Credit,Customer_5,26,M,City_15,WA,Standard,Merchant_22,City_1,TX,Medium,1,0,0,11,0,1,0,40,No,Medium,High Amount
T0509,C005,M005,2026-04-06T12:31:00.000Z,1634.18,Purchase,Luxury,City_10,CA,Online,Debit,Customer_5,26,M,City_15,WA,Standard,Merchant_5,City_17,IL,High,0,1,1,12,0,1,0,40,No,Medium,"Location Mismatch, High Risk Merchant"
T0764,C005,M027,2026-04-01T13:52:00.000Z,2765.71,Purchase,Online,City_4,IL,Online,Credit,Customer_5,26,M,City_15,WA,Standard,Merchant_27,City_12,CA,High,1,1,1,13,0,1,0,80,Yes,High,"High Amount, Location Mismatch, High Risk Merchant"
T0787,C005,M023,2026-04-01T15:37:00.000Z,3077.46,Purchase,Retail,City_8,WA,POS,Credit,Customer_5,26,M,City_15,WA,Standard,Merchant_23,City_15,TX,High,1,0,1,15,0,3,1,75,Yes,High,"High Amount, High Risk Merchant, Rapid Repeat"
T0994,C005,M004,2026-04-06T15:22:00.000Z,1177.39,Purchase,Grocery,City_9,FL,Online,Credit,Customer_5,26,M,City_15,WA,Standard,Merchant_4,City_3,TX,Medium,0,1,0,15,0,3,1,45,No,Medium,"Location Mismatch, Rapid Repeat"
T0196,C005,M015,2026-04-05T15:19:00.000Z,1152.04,Purchase,Electronics,City_13,IL,Online,Credit,Customer_5,26,M,City_15,WA,Standard,Merchant_15,City_16,FL,Medium,0,1,0,15,0,3,1,45,No,Medium,"Location Mismatch, Rapid Repeat"
T0181,C005,M007,2026-04-07T19:31:00.000Z,1634.39,Purchase,Retail,City_19,WA,Online,Debit,Customer_5,26,M,City_15,WA,Standard,Merchant_7,City_10,FL,High,0,0,1,19,0,1,0,15,No,Low,High Risk Merchant
T0460,C005,M022,2026-04-01T20:33:00.000Z,997.28,Purchase,Online,City_4,WA,Online,Debit,Customer_5,26,M,City_15,WA,Standard,Merchant_22,City_1,TX,Medium,0,0,0,20,0,1,0,0,No,Low,""
T0357,C005,M019,2026-04-04T23:49:00.000Z,4509.11,Purchase,Luxury,City_16,NY,Online,Credit,Customer_5,26,M,City_15,WA,Standard,Merchant_19,City_10,CA,Low,1,1,0,23,0,2,0,65,Yes,High,"High Amount, Location Mismatch"
T0718,C005,M014,2026-04-01T23:24:00.000Z,4109.59,Purchase,Grocery,City_18,TX,Online,Credit,Customer_5,26,M,City_15,WA,Standard,Merchant_14,City_8,CA,High,1,1,1,23,0,2,0,80,Yes,High,"High Amount, Location Mismatch, High Risk Merchant"
T0990,C006,M001,2026-04-06T01:48:00.000Z,2514.07,Purchase,Luxury,City_20,TX,POS,Debit,Customer_6,59,M,City_18,TX,Premium,Merchant_1,City_16,WA,Medium,1,0,0,1,1,1,0,50,Yes,High,"High Amount, Night Transaction"
T0206,C006,M014,2026-04-04T03:23:00.000Z,4531.08,Purchase,Grocery,City_3,CA,Online,Debit,Customer_6,59,M,City_18,TX,Premium,Merchant_14,City_8,CA,High,1,1,1,3,1,2,0,90,Yes,High,"High Amount, Location Mismatch, High Risk Merchant, Night Transaction"
T0408,C006,M020,2026-04-07T03:39:00.000Z,1126.67,Purchase,Travel,City_14,IL,Online,Credit,Customer_6,59,M,City_18,TX,Premium,Merchant_20,City_13,TX,Medium,0,1,0,3,1,2,0,35,No,Medium,"Location Mismatch, Night Transaction"
T0399,C006,M030,2026-04-05T05:42:00.000Z,2103.76,Purchase,Luxury,City_4,CA,POS,Debit,Customer_6,59,M,City_18,TX,Premium,Merchant_30,City_7,TX,Medium,1,1,0,5,1,1,0,75,Yes,High,"High Amount, Location Mismatch, Night Transaction"
T0439,C006,M020,2026-04-02T07:31:00.000Z,4893.88,Purchase,Travel,City_16,TX,POS,Credit,Customer_6,59,M,City_18,TX,Premium,Merchant_20,City_13,TX,Medium,1,0,0,7,0,2,0,40,No,Medium,High Amount
T0800,C006,M030,2026-04-03T07:27:00.000Z,3675.28,Purchase,Luxury,City_12,WA,Online,Credit,Customer_6,59,M,City_18,TX,Premium,Merchant_30,City_7,TX,Medium,1,1,0,7,0,2,0,65,Yes,High,"High Amount, Location Mismatch"
T0065,C006,M023,2026-04-07T11:47:00.000Z,1586.22,Purchase,Retail,City_16,CA,Online,Debit,Customer_6,59,M,City_18,TX,Premium,Merchant_23,City_15,TX,High,0,1,1,11,0,2,0,40,No,Medium,"Location Mismatch, High Risk Merchant"
T0492,C006,M012,2026-04-02T11:10:00.000Z,2804.95,Purchase,Grocery,City_10,TX,POS,Debit,Customer_6,59,M,City_18,TX,Premium,Merchant_12,City_2,WA,High,1,0,1,11,0,2,0,55,Yes,High,"High Amount, High Risk Merchant"
T0096,C006,M018,2026-04-07T13:19:00.000Z,1309.27,Purchase,Electronics,City_14,IL,Online,Credit,Customer_6,59,M,City_18,TX,Premium,Merchant_18,City_1,IL,High,0,1,1,13,0,2,0,40,No,Medium,"Location Mismatch, High Risk Merchant"
T0720,C006,M020,2026-04-06T13:49:00.000Z,2254.95,Purchase,Travel,City_13,WA,POS,Credit,Customer_6,59,M,City_18,TX,Premium,Merchant_20,City_13,TX,Medium,1,1,0,13,0,2,0,65,Yes,High,"High Amount, Location Mismatch"
T0554,C006,M010,2026-04-07T16:49:00.000Z,442.62,Purchase,Grocery,City_19,TX,Online,Credit,Customer_6,59,M,City_18,TX,Premium,Merchant_10,City_4,NY,Low,0,0,0,16,0,1,0,0,No,Low,""
T0805,C006,M018,2026-04-04T20:09:00.000Z,3964.67,Purchase,Electronics,City_10,CA,POS,Debit,Customer_6,59,M,City_18,TX,Premium,Merchant_18,City_1,IL,High,1,1,1,20,0,1,0,80,Yes,High,"High Amount, Location Mismatch, High Risk Merchant"
T0614,C006,M002,2026-04-02T22:57:00.000Z,2062.98,Purchase,Luxury,City_4,CA,POS,Debit,Customer_6,59,M,City_18,TX,Premium,Merchant_2,City_11,CA,High,1,1,1,22,0,1,0,80,Yes,High,"High Amount, Location Mismatch, High Risk Merchant"
T0235,C007,M028,2026-04-01T00:47:00.000Z,2889.27,Purchase,Grocery,City_13,WA,POS,Debit,Customer_7,22,M,City_13,IL,Standard,Merchant_28,City_3,IL,High,1,1,1,0,1,1,0,90,Yes,High,"High Amount, Location Mismatch, High Risk Merchant, Night Transaction"
T0416,C007,M012,2026-04-07T07:03:00.000Z,2135.93,Purchase,Grocery,City_4,NY,Online,Credit,Customer_7,22,M,City_13,IL,Standard,Merchant_12,City_2,WA,High,1,1,1,7,0,1,0,80,Yes,High,"High Amount, Location Mismatch, High Risk Merchant"
T0816,C007,M002,2026-04-06T08:11:00.000Z,2243.1,Purchase,Luxury,City_17,IL,POS,Credit,Customer_7,22,M,City_13,IL,Standard,Merchant_2,City_11,CA,High,1,0,1,8,0,1,0,55,Yes,High,"High Amount, High Risk Merchant"
T0950,C007,M009,2026-04-03T10:23:00.000Z,2228.77,Purchase,Luxury,City_11,CA,POS,Debit,Customer_7,22,M,City_13,IL,Standard,Merchant_9,City_12,IL,High,1,1,1,10,0,1,0,80,Yes,High,"High Amount, Location Mismatch, High Risk Merchant"
T0148,C007,M015,2026-04-01T13:43:00.000Z,4984.15,Purchase,Electronics,City_15,IL,POS,Debit,Customer_7,22,M,City_13,IL,Standard,Merchant_15,City_16,FL,Medium,1,0,0,13,0,1,0,40,No,Medium,High Amount
T0966,C007,M005,2026-04-03T15:45:00.000Z,3159.88,Purchase,Luxury,City_6,CA,Online,Debit,Customer_7,22,M,City_13,IL,Standard,Merchant_5,City_17,IL,High,1,1,1,15,0,1,0,80,Yes,High,"High Amount, Location Mismatch, High Risk Merchant"
T0726,C007,M020,2026-04-06T17:31:00.000Z,46.97,Purchase,Travel,City_14,NY,Online,Credit,Customer_7,22,M,City_13,IL,Standard,Merchant_20,City_13,TX,Medium,0,1,0,17,0,1,0,25,No,Medium,Location Mismatch
T0332,C008,M008,2026-04-07T04:05:00.000Z,1722.48,Purchase,Travel,City_3,TX,POS,Debit,Customer_8,62,F,City_20,FL,Premium,Merchant_8,City_13,IL,Medium,0,1,0,4,1,1,0,35,No,Medium,"Location Mismatch, Night Transaction"
T0808,C008,M022,2026-04-04T07:03:00.000Z,4335.85,Purchase,Online,City_2,FL,POS,Debit,Customer_8,62,F,City_20,FL,Premium,Merchant_22,City_1,TX,Medium,1,0,0,7,0,1,0,40,No,Medium,High Amount
T0928,C008,M011,2026-04-06T12:27:00.000Z,1663.36,Purchase,Luxury,City_15,CA,Online,Debit,Customer_8,62,F,City_20,FL,Premium,Merchant_11,City_20,IL,High,0,1,1,12,0,2,0,40,No,Medium,"Location Mismatch, High Risk Merchant"
T0831,C008,M014,2026-04-06T12:07:00.000Z,2935.19,Purchase,Grocery,City_9,TX,POS,Credit,Customer_8,62,F,City_20,FL,Premium,Merchant_14,City_8,CA,High,1,1,1,12,0,2,0,80,Yes,High,"High Amount, Location Mismatch, High Risk Merchant"
T0095,C008,M019,2026-04-03T19:27:00.000Z,723.58,Purchase,Luxury,City_11,CA,POS,Debit,Customer_8,62,F,City_20,FL,Premium,Merchant_19,City_10,CA,Low,0,1,0,19,0,1,0,25,No,Medium,Location Mismatch
T0072,C009,M026,2026-04-07T00:47:00.000Z,2761.7,Purchase,Retail,City_5,WA,POS,Debit,Customer_9,53,F,City_20,FL,Standard,Merchant_26,City_17,FL,Low,1,1,0,0,1,1,0,75,Yes,High,"High Amount, Location Mismatch, Night Transaction"
T0917,C009,M016,2026-04-04T01:22:00.000Z,1250.4,Purchase,Retail,City_17,CA,POS,Debit,Customer_9,53,F,City_20,FL,Standard,Merchant_16,City_5,CA,Medium,0,1,0,1,1,1,0,35,No,Medium,"Location Mismatch, Night Transaction"
T0328,C009,M004,2026-04-01T02:33:00.000Z,4910.85,Purchase,Grocery,City_15,CA,Online,Credit,Customer_9,53,F,City_20,FL,Standard,Merchant_4,City_3,TX,Medium,1,1,0,2,1,1,0,75,Yes,High,"High Amount, Location Mismatch, Night Transaction"
T0940,C009,M011,2026-04-07T03:14:00.000Z,251.6,Purchase,Luxury,City_10,FL,Online,Credit,Customer_9,53,F,City_20,FL,Standard,Merchant_11,City_20,IL,High,0,0,1,3,1,1,0,25,No,Medium,"High Risk Merchant, Night Transaction"
T0840,C009,M016,2026-04-04T09:21:00.000Z,4273.26,Purchase,Retail,City_14,FL,Online,Credit,Customer_9,53,F,City_20,FL,Standard,Merchant_16,City_5,CA,Medium,1,0,0,9,0,1,0,40,No,Medium,High Amount
T0487,C009,M013,2026-04-04T10:05:00.000Z,1714.19,Purchase,Retail,City_10,WA,Online,Debit,Customer_9,53,F,City_20,FL,Standard,Merchant_13,City_12,NY,High,0,1,1,10,0,1,0,40,No,Medium,"Location Mismatch, High Risk Merchant"
T0493,C009,M022,2026-04-05T13:47:00.000Z,4160.81,Purchase,Online,City_17,CA,Online,Credit,Customer_9,53,F,City_20,FL,Standard,Merchant_22,City_1,TX,Medium,1,1,0,13,0,1,0,65,Yes,High,"High Amount, Location Mismatch"
T0998,C009,M014,2026-04-05T16:49:00.000Z,2295.75,Purchase,Grocery,City_20,NY,Online,Debit,Customer_9,53,F,City_20,FL,Standard,Merchant_14,City_8,CA,High,1,1,1,16,0,1,0,80,Yes,High,"High Amount, Location Mismatch, High Risk Merchant"
T0029,C009,M011,2026-04-04T17:21:00.000Z,3043.19,Purchase,Luxury,City_5,IL,POS,Debit,Customer_9,53,F,City_20,FL,Standard,Merchant_11,City_20,IL,High,1,1,1,17,0,1,0,80,Yes,High,"High Amount, Location Mismatch, High Risk Merchant"
T0921,C009,M021,2026-04-03T21:39:00.000Z,4733.44,Purchase,Electronics,City_3,NY,POS,Debit,Customer_9,53,F,City_20,FL,Standard,Merchant_21,City_16,TX,Low,1,1,0,21,0,1,0,65,Yes,High,"High Amount, Location Mismatch"
T0721,C009,M013,2026-04-05T22:35:00.000Z,4957.87,Purchase,Retail,City_20,IL,Online,Debit,Customer_9,53,F,City_20,FL,Standard,Merchant_13,City_12,NY,High,1,1,1,22,0,1,0,80,Yes,High,"High Amount, Location Mismatch, High Risk Merchant"
T0039,C010,M018,2026-04-04T00:10:00.000Z,2346.38,Purchase,Electronics,City_20,TX,Online,Credit,Customer_10,41,M,City_11,FL,Standard,Merchant_18,City_1,IL,High,1,1,1,0,1,1,0,90,Yes,High,"High Amount, Location Mismatch, High Risk Merchant, Night Transaction"
T0908,C010,M030,2026-04-06T02:06:00.000Z,2469.47,Purchase,Luxury,City_16,TX,Online,Credit,Customer_10,41,M,City_11,FL,Standard,Merchant_30,City_7,TX,Medium,1,1,0,2,1,2,0,75,Yes,High,"High Amount, Location Mismatch, Night Transaction"
T0454,C010,M019,2026-04-06T02:42:00.000Z,1408.78,Purchase,Luxury,City_4,FL,Online,Credit,Customer_10,41,M,City_11,FL,Standard,Merchant_19,City_10,CA,Low,0,0,0,2,1,2,0,10,No,Low,Night Transaction
T0697,C010,M024,2026-04-05T03:02:00.000Z,3511.52,Purchase,Electronics,City_13,WA,POS,Debit,Customer_10,41,M,City_11,FL,Standard,Merchant_24,City_6,FL,High,1,1,1,3,1,3,1,110,Yes,High,"High Amount, Location Mismatch, High Risk Merchant, Night Transaction, Rapid Repeat"
T0291,C010,M018,2026-04-01T03:24:00.000Z,1158.09,Purchase,Electronics,City_3,NY,Online,Debit,Customer_10,41,M,City_11,FL,Standard,Merchant_18,City_1,IL,High,0,1,1,3,1,3,1,70,Yes,High,"Location Mismatch, High Risk Merchant, Night Transaction, Rapid Repeat"
T0491,C010,M017,2026-04-05T03:22:00.000Z,1252.16,Purchase,Travel,City_12,IL,Online,Debit,Customer_10,41,M,City_11,FL,Standard,Merchant_17,City_1,FL,Low,0,1,0,3,1,3,1,55,Yes,High,"Location Mismatch, Night Transaction, Rapid Repeat"
T0824,C010,M012,2026-04-06T04:55:00.000Z,4597.87,Purchase,Grocery,City_7,TX,Online,Credit,Customer_10,41,M,City_11,FL,Standard,Merchant_12,City_2,WA,High,1,1,1,4,1,1,0,90,Yes,High,"High Amount, Location Mismatch, High Risk Merchant, Night Transaction"
T0888,C010,M007,2026-04-07T09:00:00.000Z,2350.01,Purchase,Retail,City_15,IL,Online,Debit,Customer_10,41,M,City_11,FL,Standard,Merchant_7,City_10,FL,High,1,1,1,9,0,1,0,80,Yes,High,"High Amount, Location Mismatch, High Risk Merchant"
T0448,C010,M027,2026-04-02T12:39:00.000Z,220.99,Purchase,Online,City_9,TX,POS,Debit,Customer_10,41,M,City_11,FL,Standard,Merchant_27,City_12,CA,High,0,1,1,12,0,1,0,40,No,Medium,"Location Mismatch, High Risk Merchant"
T0667,C010,M009,2026-04-06T14:55:00.000Z,352.67,Purchase,Luxury,City_14,WA,POS,Debit,Customer_10,41,M,City_11,FL,Standard,Merchant_9,City_12,IL,High,0,1,1,14,0,1,0,40,No,Medium,"Location Mismatch, High Risk Merchant"
T0157,C010,M016,2026-04-04T15:21:00.000Z,925.09,Purchase,Retail,City_6,CA,POS,Credit,Customer_10,41,M,City_11,FL,Standard,Merchant_16,City_5,CA,Medium,0,1,0,15,0,1,0,25,No,Medium,Location Mismatch
T0896,C010,M009,2026-04-06T21:51:00.000Z,150.55,Purchase,Luxury,City_3,NY,POS,Debit,Customer_10,41,M,City_11,FL,Standard,Merchant_9,City_12,IL,High,0,1,1,21,0,1,0,40,No,Medium,"Location Mismatch, High Risk Merchant"
T0314,C010,M003,2026-04-03T23:47:00.000Z,555.27,Purchase,Online,City_7,FL,Online,Debit,Customer_10,41,M,City_11,FL,Standard,Merchant_3,City_3,TX,Low,0,0,0,23,0,1,0,0,No,Low,""
T0604,C011,M022,2026-04-05T01:28:00.000Z,1433.95,Purchase,Online,City_7,TX,POS,Debit,Customer_11,42,F,City_16,NY,Premium,Merchant_22,City_1,TX,Medium,0,1,0,1,1,1,0,35,No,Medium,"Location Mismatch, Night Transaction"
T0595,C011,M020,2026-04-04T02:58:00.000Z,592.55,Purchase,Travel,City_10,CA,Online,Credit,Customer_11,42,F,City_16,NY,Premium,Merchant_20,City_13,TX,Medium,0,1,0,2,1,1,0,35,No,Medium,"Location Mismatch, Night Transaction"
T0993,C011,M018,2026-04-06T06:29:00.000Z,4039.31,Purchase,Electronics,City_13,FL,POS,Credit,Customer_11,42,F,City_16,NY,Premium,Merchant_18,City_1,IL,High,1,1,1,6,0,1,0,80,Yes,High,"High Amount, Location Mismatch, High Risk Merchant"
T0169,C011,M011,2026-04-03T13:45:00.000Z,4025.36,Purchase,Luxury,City_13,WA,POS,Credit,Customer_11,42,F,City_16,NY,Premium,Merchant_11,City_20,IL,High,1,1,1,13,0,1,0,80,Yes,High,"High Amount, Location Mismatch, High Risk Merchant"
T0212,C011,M027,2026-04-04T14:46:00.000Z,4241.05,Purchase,Online,City_18,TX,Online,Credit,Customer_11,42,F,City_16,NY,Premium,Merchant_27,City_12,CA,High,1,1,1,14,0,1,0,80,Yes,High,"High Amount, Location Mismatch, High Risk Merchant"
T0751,C011,M004,2026-04-07T15:19:00.000Z,1737.16,Purchase,Grocery,City_6,CA,POS,Credit,Customer_11,42,F,City_16,NY,Premium,Merchant_4,City_3,TX,Medium,0,1,0,15,0,1,0,25,No,Medium,Location Mismatch
T0304,C011,M030,2026-04-02T16:28:00.000Z,3062.21,Purchase,Luxury,City_1,NY,Online,Credit,Customer_11,42,F,City_16,NY,Premium,Merchant_30,City_7,TX,Medium,1,0,0,16,0,1,0,40,No,Medium,High Amount
T0526,C011,M016,2026-04-07T19:02:00.000Z,3715.52,Purchase,Retail,City_16,IL,POS,Credit,Customer_11,42,F,City_16,NY,Premium,Merchant_16,City_5,CA,Medium,1,1,0,19,0,1,0,65,Yes,High,"High Amount, Location Mismatch"
T0802,C011,M005,2026-04-04T22:46:00.000Z,4829.94,Purchase,Luxury,City_12,IL,POS,Credit,Customer_11,42,F,City_16,NY,Premium,Merchant_5,City_17,IL,High,1,1,1,22,0,1,0,80,Yes,High,"High Amount, Location Mismatch, High Risk Merchant"
T0193,C012,M012,2026-04-06T02:15:00.000Z,2968.06,Purchase,Grocery,City_12,WA,Online,Debit,Customer_12,59,M,City_3,IL,Premium,Merchant_12,City_2,WA,High,1,1,1,2,1,2,0,90,Yes,High,"High Amount, Location Mismatch, High Risk Merchant, Night Transaction"
T0229,C012,M008,2026-04-07T02:19:00.000Z,4192.81,Purchase,Travel,City_7,CA,Online,Credit,Customer_12,59,M,City_3,IL,Premium,Merchant_8,City_13,IL,Medium,1,1,0,2,1,2,0,75,Yes,High,"High Amount, Location Mismatch, Night Transaction"
T0138,C012,M021,2026-04-04T03:45:00.000Z,666.43,Purchase,Electronics,City_1,WA,POS,Debit,Customer_12,59,M,City_3,IL,Premium,Merchant_21,City_16,TX,Low,0,1,0,3,1,2,0,35,No,Medium,"Location Mismatch, Night Transaction"
T0086,C012,M017,2026-04-02T03:46:00.000Z,746.89,Purchase,Travel,City_1,CA,Online,Debit,Customer_12,59,M,City_3,IL,Premium,Merchant_17,City_1,FL,Low,0,1,0,3,1,2,0,35,No,Medium,"Location Mismatch, Night Transaction"
T0583,C012,M024,2026-04-06T09:17:00.000Z,819.55,Purchase,Electronics,City_2,FL,Online,Debit,Customer_12,59,M,City_3,IL,Premium,Merchant_24,City_6,FL,High,0,1,1,9,0,1,0,40,No,Medium,"Location Mismatch, High Risk Merchant"
T0060,C012,M014,2026-04-01T11:28:00.000Z,283.67,Purchase,Grocery,City_1,TX,POS,Credit,Customer_12,59,M,City_3,IL,Premium,Merchant_14,City_8,CA,High,0,1,1,11,0,1,0,40,No,Medium,"Location Mismatch, High Risk Merchant"
T0013,C012,M027,2026-04-03T13:59:00.000Z,1586.44,Purchase,Online,City_20,IL,POS,Credit,Customer_12,59,M,City_3,IL,Premium,Merchant_27,City_12,CA,High,0,0,1,13,0,1,0,15,No,Low,High Risk Merchant
T0682,C012,M008,2026-04-02T15:37:00.000Z,2913.47,Purchase,Travel,City_1,TX,Online,Debit,Customer_12,59,M,City_3,IL,Premium,Merchant_8,City_13,IL,Medium,1,1,0,15,0,1,0,65,Yes,High,"High Amount, Location Mismatch"
T0579,C012,M013,2026-04-07T19:58:00.000Z,4114.92,Purchase,Retail,City_1,CA,POS,Credit,Customer_12,59,M,City_3,IL,Premium,Merchant_13,City_12,NY,High,1,1,1,19,0,1,0,80,Yes,High,"High Amount, Location Mismatch, High Risk Merchant"
T0449,C013,M011,2026-04-03T00:44:00.000Z,2349.31,Purchase,Luxury,City_6,NY,POS,Credit,Customer_13,51,M,City_16,IL,Premium,Merchant_11,City_20,IL,High,1,1,1,0,1,1,0,90,Yes,High,"High Amount, Location Mismatch, High Risk Merchant, Night Transaction"
T0362,C013,M010,2026-04-01T04:49:00.000Z,583.99,Purchase,Grocery,City_4,NY,Online,Credit,Customer_13,51,M,City_16,IL,Premium,Merchant_10,City_4,NY,Low,0,1,0,4,1,1,0,35,No,Medium,"Location Mismatch, Night Transaction"
T0209,C013,M024,2026-04-01T06:28:00.000Z,2238.12,Purchase,Electronics,City_6,WA,Online,Credit,Customer_13,51,M,City_16,IL,Premium,Merchant_24,City_6,FL,High,1,1,1,6,0,2,0,80,Yes,High,"High Amount, Location Mismatch, High Risk Merchant"
T0330,C013,M024,2026-04-02T06:46:00.000Z,4937.24,Purchase,Electronics,City_16,WA,POS,Debit,Customer_13,51,M,City_16,IL,Premium,Merchant_24,City_6,FL,High,1,1,1,6,0,2,0,80,Yes,High,"High Amount, Location Mismatch, High Risk Merchant"
T0469,C013,M010,2026-04-01T15:24:00.000Z,366.33,Purchase,Grocery,City_11,WA,Online,Debit,Customer_13,51,M,City_16,IL,Premium,Merchant_10,City_4,NY,Low,0,1,0,15,0,1,0,25,No,Medium,Location Mismatch
T0835,C013,M011,2026-04-07T18:37:00.000Z,748.56,Purchase,Luxury,City_20,TX,POS,Debit,Customer_13,51,M,City_16,IL,Premium,Merchant_11,City_20,IL,High,0,1,1,18,0,1,0,40,No,Medium,"Location Mismatch, High Risk Merchant"
T0108,C013,M022,2026-04-07T21:29:00.000Z,4099.82,Purchase,Online,City_2,IL,POS,Credit,Customer_13,51,M,City_16,IL,Premium,Merchant_22,City_1,TX,Medium,1,0,0,21,0,1,0,40,No,Medium,High Amount
T0906,C014,M019,2026-04-07T02:12:00.000Z,1796.75,Purchase,Luxury,City_18,WA,Online,Debit,Customer_14,27,F,City_16,WA,Standard,Merchant_19,City_10,CA,Low,0,0,0,2,1,2,0,10,No,Low,Night Transaction
T0253,C014,M015,2026-04-06T02:46:00.000Z,4150.36,Purchase,Electronics,City_11,IL,Online,Debit,Customer_14,27,F,City_16,WA,Standard,Merchant_15,City_16,FL,Medium,1,1,0,2,1,2,0,75,Yes,High,"High Amount, Location Mismatch, Night Transaction"
T0337,C014,M022,2026-04-04T08:22:00.000Z,1798.57,Purchase,Online,City_9,FL,POS,Debit,Customer_14,27,F,City_16,WA,Standard,Merchant_22,City_1,TX,Medium,0,1,0,8,0,1,0,25,No,Medium,Location Mismatch
T0182,C014,M018,2026-04-01T09:09:00.000Z,2571.62,Purchase,Electronics,City_1,FL,Online,Debit,Customer_14,27,F,City_16,WA,Standard,Merchant_18,City_1,IL,High,1,1,1,9,0,2,0,80,Yes,High,"High Amount, Location Mismatch, High Risk Merchant"
T0995,C014,M025,2026-04-05T09:19:00.000Z,4934.91,Purchase,Retail,City_13,NY,POS,Debit,Customer_14,27,F,City_16,WA,Standard,Merchant_25,City_5,CA,Medium,1,1,0,9,0,2,0,65,Yes,High,"High Amount, Location Mismatch"
T0044,C014,M027,2026-04-04T13:58:00.000Z,4324.95,Purchase,Online,City_13,WA,Online,Debit,Customer_14,27,F,City_16,WA,Standard,Merchant_27,City_12,CA,High,1,0,1,13,0,1,0,55,Yes,High,"High Amount, High Risk Merchant"
T0217,C014,M025,2026-04-06T15:46:00.000Z,4482.18,Purchase,Retail,City_2,TX,Online,Debit,Customer_14,27,F,City_16,WA,Standard,Merchant_25,City_5,CA,Medium,1,1,0,15,0,2,0,65,Yes,High,"High Amount, Location Mismatch"
T0981,C014,M010,2026-04-06T15:22:00.000Z,4994.28,Purchase,Grocery,City_6,CA,POS,Debit,Customer_14,27,F,City_16,WA,Standard,Merchant_10,City_4,NY,Low,1,1,0,15,0,2,0,65,Yes,High,"High Amount, Location Mismatch"
T0864,C014,M016,2026-04-05T17:36:00.000Z,4537.32,Purchase,Retail,City_14,IL,Online,Credit,Customer_14,27,F,City_16,WA,Standard,Merchant_16,City_5,CA,Medium,1,1,0,17,0,2,0,65,Yes,High,"High Amount, Location Mismatch"
T0139,C014,M008,2026-04-01T17:46:00.000Z,2997.01,Purchase,Travel,City_10,CA,POS,Debit,Customer_14,27,F,City_16,WA,Standard,Merchant_8,City_13,IL,Medium,1,1,0,17,0,2,0,65,Yes,High,"High Amount, Location Mismatch"
T0922,C014,M029,2026-04-05T19:15:00.000Z,1457.37,Purchase,Travel,City_13,FL,Online,Debit,Customer_14,27,F,City_16,WA,Standard,Merchant_29,City_3,IL,Low,0,1,0,19,0,1,0,25,No,Medium,Location Mismatch
T0771,C014,M027,2026-04-04T21:08:00.000Z,2146.43,Purchase,Online,City_6,CA,POS,Credit,Customer_14,27,F,City_16,WA,Standard,Merchant_27,City_12,CA,High,1,1,1,21,0,2,0,80,Yes,High,"High Amount, Location Mismatch, High Risk Merchant"
T0030,C014,M011,2026-04-02T21:03:00.000Z,3776.77,Purchase,Luxury,City_13,CA,POS,Credit,Customer_14,27,F,City_16,WA,Standard,Merchant_11,City_20,IL,High,1,1,1,21,0,2,0,80,Yes,High,"High Amount, Location Mismatch, High Risk Merchant"
T0369,C014,M015,2026-04-03T23:09:00.000Z,1977.65,Purchase,Electronics,City_13,CA,Online,Debit,Customer_14,27,F,City_16,WA,Standard,Merchant_15,City_16,FL,Medium,0,1,0,23,0,1,0,25,No,Medium,Location Mismatch
T0992,C015,M012,2026-04-07T04:54:00.000Z,977.07,Purchase,Grocery,City_5,IL,POS,Credit,Customer_15,37,M,City_17,WA,Standard,Merchant_12,City_2,WA,High,0,1,1,4,1,1,0,50,Yes,High,"Location Mismatch, High Risk Merchant, Night Transaction"
T0464,C015,M014,2026-04-05T07:48:00.000Z,2108.62,Purchase,Grocery,City_3,TX,Online,Credit,Customer_15,37,M,City_17,WA,Standard,Merchant_14,City_8,CA,High,1,1,1,7,0,1,0,80,Yes,High,"High Amount, Location Mismatch, High Risk Merchant"
T0558,C015,M003,2026-04-03T08:21:00.000Z,3186.25,Purchase,Online,City_14,FL,POS,Debit,Customer_15,37,M,City_17,WA,Standard,Merchant_3,City_3,TX,Low,1,1,0,8,0,1,0,65,Yes,High,"High Amount, Location Mismatch"
T0239,C015,M003,2026-04-03T10:40:00.000Z,2877.14,Purchase,Online,City_6,CA,Online,Debit,Customer_15,37,M,City_17,WA,Standard,Merchant_3,City_3,TX,Low,1,1,0,10,0,2,0,65,Yes,High,"High Amount, Location Mismatch"
T0036,C015,M014,2026-04-07T10:05:00.000Z,2567.41,Purchase,Grocery,City_14,FL,Online,Credit,Customer_15,37,M,City_17,WA,Standard,Merchant_14,City_8,CA,High,1,1,1,10,0,2,0,80,Yes,High,"High Amount, Location Mismatch, High Risk Merchant"
T0846,C015,M012,2026-04-06T13:27:00.000Z,4956.05,Purchase,Grocery,City_14,FL,POS,Credit,Customer_15,37,M,City_17,WA,Standard,Merchant_12,City_2,WA,High,1,1,1,13,0,1,0,80,Yes,High,"High Amount, Location Mismatch, High Risk Merchant"
T0248,C015,M014,2026-04-03T14:03:00.000Z,4928.02,Purchase,Grocery,City_10,WA,Online,Debit,Customer_15,37,M,City_17,WA,Standard,Merchant_14,City_8,CA,High,1,0,1,14,0,4,1,75,Yes,High,"High Amount, High Risk Merchant, Rapid Repeat"
T0943,C015,M029,2026-04-06T14:46:00.000Z,3175.2,Purchase,Travel,City_4,TX,Online,Credit,Customer_15,37,M,City_17,WA,Standard,Merchant_29,City_3,IL,Low,1,1,0,14,0,4,1,85,Yes,High,"High Amount, Location Mismatch, Rapid Repeat"
T0199,C015,M021,2026-04-07T14:41:00.000Z,3412.48,Purchase,Electronics,City_5,TX,POS,Debit,Customer_15,37,M,City_17,WA,Standard,Merchant_21,City_16,TX,Low,1,1,0,14,0,4,1,85,Yes,High,"High Amount, Location Mismatch, Rapid Repeat"
T0479,C015,M027,2026-04-01T14:25:00.000Z,4209.74,Purchase,Online,City_9,TX,Online,Credit,Customer_15,37,M,City_17,WA,Standard,Merchant_27,City_12,CA,High,1,1,1,14,0,4,1,100,Yes,High,"High Amount, Location Mismatch, High Risk Merchant, Rapid Repeat"
T0105,C015,M026,2026-04-04T18:11:00.000Z,4179.9,Purchase,Retail,City_19,FL,POS,Debit,Customer_15,37,M,City_17,WA,Standard,Merchant_26,City_17,FL,Low,1,1,0,18,0,1,0,65,Yes,High,"High Amount, Location Mismatch"
T0568,C015,M024,2026-04-06T19:45:00.000Z,4021.25,Purchase,Electronics,City_12,CA,Online,Debit,Customer_15,37,M,City_17,WA,Standard,Merchant_24,City_6,FL,High,1,1,1,19,0,1,0,80,Yes,High,"High Amount, Location Mismatch, High Risk Merchant"
T0969,C015,M011,2026-04-04T22:16:00.000Z,3777.91,Purchase,Luxury,City_11,FL,Online,Debit,Customer_15,37,M,City_17,WA,Standard,Merchant_11,City_20,IL,High,1,1,1,22,0,1,0,80,Yes,High,"High Amount, Location Mismatch, High Risk Merchant"
T0671,C015,M003,2026-04-06T23:06:00.000Z,64.1,Purchase,Online,City_10,FL,POS,Debit,Customer_15,37,M,City_17,WA,Standard,Merchant_3,City_3,TX,Low,0,1,0,23,0,2,0,25,No,Medium,Location Mismatch
T0422,C015,M001,2026-04-06T23:27:00.000Z,992.74,Purchase,Luxury,City_3,WA,Online,Debit,Customer_15,37,M,City_17,WA,Standard,Merchant_1,City_16,WA,Medium,0,0,0,23,0,2,0,0,No,Low,""
T0214,C016,M017,2026-04-04T00:13:00.000Z,2638.34,Purchase,Travel,City_9,WA,POS,Credit,Customer_16,26,F,City_8,FL,Standard,Merchant_17,City_1,FL,Low,1,1,0,0,1,1,0,75,Yes,High,"High Amount, Location Mismatch, Night Transaction"
T0705,C016,M027,2026-04-06T04:34:00.000Z,3637.14,Purchase,Online,City_8,CA,POS,Debit,Customer_16,26,F,City_8,FL,Standard,Merchant_27,City_12,CA,High,1,1,1,4,1,1,0,90,Yes,High,"High Amount, Location Mismatch, High Risk Merchant, Night Transaction"
T0719,C016,M017,2026-04-07T05:47:00.000Z,2257.86,Purchase,Travel,City_7,TX,Online,Debit,Customer_16,26,F,City_8,FL,Standard,Merchant_17,City_1,FL,Low,1,1,0,5,1,1,0,75,Yes,High,"High Amount, Location Mismatch, Night Transaction"
T0551,C016,M015,2026-04-02T06:46:00.000Z,4015.76,Purchase,Electronics,City_16,FL,POS,Debit,Customer_16,26,F,City_8,FL,Standard,Merchant_15,City_16,FL,Medium,1,0,0,6,0,2,0,40,No,Medium,High Amount
T0576,C016,M025,2026-04-07T06:17:00.000Z,4875.94,Purchase,Retail,City_17,IL,Online,Credit,Customer_16,26,F,City_8,FL,Standard,Merchant_25,City_5,CA,Medium,1,1,0,6,0,2,0,65,Yes,High,"High Amount, Location Mismatch"
T0215,C016,M024,2026-04-07T07:39:00.000Z,1213.2,Purchase,Electronics,City_10,TX,POS,Debit,Customer_16,26,F,City_8,FL,Standard,Merchant_24,City_6,FL,High,0,1,1,7,0,2,0,40,No,Medium,"Location Mismatch, High Risk Merchant"
T0502,C016,M018,2026-04-01T07:17:00.000Z,734.56,Purchase,Electronics,City_4,WA,POS,Debit,Customer_16,26,F,City_8,FL,Standard,Merchant_18,City_1,IL,High,0,1,1,7,0,2,0,40,No,Medium,"Location Mismatch, High Risk Merchant"
T0407,C016,M004,2026-04-06T08:47:00.000Z,2676.3,Purchase,Grocery,City_6,IL,Online,Credit,Customer_16,26,F,City_8,FL,Standard,Merchant_4,City_3,TX,Medium,1,1,0,8,0,1,0,65,Yes,High,"High Amount, Location Mismatch"
T0285,C016,M012,2026-04-01T09:20:00.000Z,3598.46,Purchase,Grocery,City_6,TX,POS,Debit,Customer_16,26,F,City_8,FL,Standard,Merchant_12,City_2,WA,High,1,1,1,9,0,1,0,80,Yes,High,"High Amount, Location Mismatch, High Risk Merchant"
T0290,C016,M019,2026-04-06T10:59:00.000Z,676.01,Purchase,Luxury,City_9,WA,POS,Credit,Customer_16,26,F,City_8,FL,Standard,Merchant_19,City_10,CA,Low,0,1,0,10,0,1,0,25,No,Medium,Location Mismatch
T0948,C016,M005,2026-04-05T12:01:00.000Z,1109.02,Purchase,Luxury,City_10,NY,Online,Debit,Customer_16,26,F,City_8,FL,Standard,Merchant_5,City_17,IL,High,0,1,1,12,0,1,0,40,No,Medium,"Location Mismatch, High Risk Merchant"
T0702,C016,M015,2026-04-05T16:27:00.000Z,1323.77,Purchase,Electronics,City_12,NY,Online,Debit,Customer_16,26,F,City_8,FL,Standard,Merchant_15,City_16,FL,Medium,0,1,0,16,0,2,0,25,No,Medium,Location Mismatch
T0171,C016,M012,2026-04-02T16:23:00.000Z,2247.81,Purchase,Grocery,City_15,NY,POS,Credit,Customer_16,26,F,City_8,FL,Standard,Merchant_12,City_2,WA,High,1,1,1,16,0,2,0,80,Yes,High,"High Amount, Location Mismatch, High Risk Merchant"
T0366,C016,M010,2026-04-01T20:21:00.000Z,2896.04,Purchase,Grocery,City_11,TX,POS,Debit,Customer_16,26,F,City_8,FL,Standard,Merchant_10,City_4,NY,Low,1,1,0,20,0,1,0,65,Yes,High,"High Amount, Location Mismatch"
T0374,C016,M003,2026-04-06T23:06:00.000Z,2201.99,Purchase,Online,City_2,CA,Online,Credit,Customer_16,26,F,City_8,FL,Standard,Merchant_3,City_3,TX,Low,1,1,0,23,0,2,0,65,Yes,High,"High Amount, Location Mismatch"
T0496,C016,M024,2026-04-03T23:12:00.000Z,2754.22,Purchase,Electronics,City_20,NY,POS,Credit,Customer_16,26,F,City_8,FL,Standard,Merchant_24,City_6,FL,High,1,1,1,23,0,2,0,80,Yes,High,"High Amount, Location Mismatch, High Risk Merchant"
T0118,C017,M019,2026-04-03T00:33:00.000Z,4016.17,Purchase,Luxury,City_11,TX,Online,Debit,Customer_17,64,F,City_4,IL,Premium,Merchant_19,City_10,CA,Low,1,1,0,0,1,1,0,75,Yes,High,"High Amount, Location Mismatch, Night Transaction"
T0622,C017,M010,2026-04-01T06:42:00.000Z,1898.81,Purchase,Grocery,City_4,FL,Online,Debit,Customer_17,64,F,City_4,IL,Premium,Merchant_10,City_4,NY,Low,0,1,0,6,0,1,0,25,No,Medium,Location Mismatch
T0259,C017,M030,2026-04-06T08:37:00.000Z,3700.29,Purchase,Luxury,City_7,NY,POS,Credit,Customer_17,64,F,City_4,IL,Premium,Merchant_30,City_7,TX,Medium,1,1,0,8,0,1,0,65,Yes,High,"High Amount, Location Mismatch"
T0571,C017,M002,2026-04-07T10:21:00.000Z,1245.56,Purchase,Luxury,City_18,WA,Online,Credit,Customer_17,64,F,City_4,IL,Premium,Merchant_2,City_11,CA,High,0,1,1,10,0,1,0,40,No,Medium,"Location Mismatch, High Risk Merchant"
T0201,C017,M004,2026-04-01T11:55:00.000Z,3057.72,Purchase,Grocery,City_6,NY,Online,Debit,Customer_17,64,F,City_4,IL,Premium,Merchant_4,City_3,TX,Medium,1,1,0,11,0,1,0,65,Yes,High,"High Amount, Location Mismatch"
T0806,C017,M016,2026-04-07T13:35:00.000Z,2695.97,Purchase,Retail,City_15,NY,Online,Debit,Customer_17,64,F,City_4,IL,Premium,Merchant_16,City_5,CA,Medium,1,1,0,13,0,1,0,65,Yes,High,"High Amount, Location Mismatch"
T0836,C017,M020,2026-04-01T23:09:00.000Z,1795.95,Purchase,Travel,City_3,NY,POS,Credit,Customer_17,64,F,City_4,IL,Premium,Merchant_20,City_13,TX,Medium,0,1,0,23,0,1,0,25,No,Medium,Location Mismatch
T0419,C018,M022,2026-04-04T04:13:00.000Z,4988.64,Purchase,Online,City_8,WA,Online,Debit,Customer_18,25,F,City_17,WA,Premium,Merchant_22,City_1,TX,Medium,1,0,0,4,1,1,0,50,Yes,High,"High Amount, Night Transaction"
T0923,C018,M014,2026-04-01T05:56:00.000Z,1542.72,Purchase,Grocery,City_5,TX,POS,Credit,Customer_18,25,F,City_17,WA,Premium,Merchant_14,City_8,CA,High,0,1,1,5,1,1,0,50,Yes,High,"Location Mismatch, High Risk Merchant, Night Transaction"
T0384,C018,M016,2026-04-03T09:27:00.000Z,3606.63,Purchase,Retail,City_16,NY,POS,Debit,Customer_18,25,F,City_17,WA,Premium,Merchant_16,City_5,CA,Medium,1,1,0,9,0,1,0,65,Yes,High,"High Amount, Location Mismatch"
T0268,C018,M028,2026-04-05T10:56:00.000Z,448.99,Purchase,Grocery,City_15,IL,Online,Debit,Customer_18,25,F,City_17,WA,Premium,Merchant_28,City_3,IL,High,0,1,1,10,0,1,0,40,No,Medium,"Location Mismatch, High Risk Merchant"
T0057,C018,M006,2026-04-03T11:27:00.000Z,313.64,Purchase,Electronics,City_11,TX,Online,Credit,Customer_18,25,F,City_17,WA,Premium,Merchant_6,City_18,WA,High,0,1,1,11,0,1,0,40,No,Medium,"Location Mismatch, High Risk Merchant"
T0870,C018,M012,2026-04-05T23:53:00.000Z,4015.76,Purchase,Grocery,City_5,WA,POS,Debit,Customer_18,25,F,City_17,WA,Premium,Merchant_12,City_2,WA,High,1,0,1,23,0,1,0,55,Yes,High,"High Amount, High Risk Merchant"
T0058,C019,M013,2026-04-07T00:12:00.000Z,2101.61,Purchase,Retail,City_16,FL,POS,Credit,Customer_19,38,F,City_1,CA,Standard,Merchant_13,City_12,NY,High,1,1,1,0,1,1,0,90,Yes,High,"High Amount, Location Mismatch, High Risk Merchant, Night Transaction"
T0588,C019,M011,2026-04-03T01:12:00.000Z,2092.16,Purchase,Luxury,City_15,TX,Online,Debit,Customer_19,38,F,City_1,CA,Standard,Merchant_11,City_20,IL,High,1,1,1,1,1,1,0,90,Yes,High,"High Amount, Location Mismatch, High Risk Merchant, Night Transaction"
T0963,C019,M026,2026-04-04T03:40:00.000Z,820.47,Purchase,Retail,City_4,WA,Online,Debit,Customer_19,38,F,City_1,CA,Standard,Merchant_26,City_17,FL,Low,0,1,0,3,1,2,0,35,No,Medium,"Location Mismatch, Night Transaction"
T0372,C019,M023,2026-04-03T03:43:00.000Z,1081.63,Purchase,Retail,City_4,FL,Online,Credit,Customer_19,38,F,City_1,CA,Standard,Merchant_23,City_15,TX,High,0,1,1,3,1,2,0,50,Yes,High,"Location Mismatch, High Risk Merchant, Night Transaction"
T0255,C019,M001,2026-04-05T04:45:00.000Z,1809.25,Purchase,Luxury,City_16,CA,POS,Credit,Customer_19,38,F,City_1,CA,Standard,Merchant_1,City_16,WA,Medium,0,0,0,4,1,1,0,10,No,Low,Night Transaction
T0302,C019,M009,2026-04-03T05:07:00.000Z,3009.46,Purchase,Luxury,City_9,NY,POS,Debit,Customer_19,38,F,City_1,CA,Standard,Merchant_9,City_12,IL,High,1,1,1,5,1,1,0,90,Yes,High,"High Amount, Location Mismatch, High Risk Merchant, Night Transaction"
T0056,C019,M016,2026-04-07T06:29:00.000Z,861.9,Purchase,Retail,City_12,IL,Online,Debit,Customer_19,38,F,City_1,CA,Standard,Merchant_16,City_5,CA,Medium,0,1,0,6,0,1,0,25,No,Medium,Location Mismatch
T0801,C019,M010,2026-04-05T10:45:00.000Z,3970.21,Purchase,Grocery,City_13,WA,Online,Credit,Customer_19,38,F,City_1,CA,Standard,Merchant_10,City_4,NY,Low,1,1,0,10,0,1,0,65,Yes,High,"High Amount, Location Mismatch"
T0385,C019,M022,2026-04-04T15:48:00.000Z,3248.45,Purchase,Online,City_16,FL,POS,Debit,Customer_19,38,F,City_1,CA,Standard,Merchant_22,City_1,TX,Medium,1,1,0,15,0,1,0,65,Yes,High,"High Amount, Location Mismatch"
T0424,C019,M030,2026-04-04T21:30:00.000Z,1662.78,Purchase,Luxury,City_5,FL,Online,Credit,Customer_19,38,F,City_1,CA,Standard,Merchant_30,City_7,TX,Medium,0,1,0,21,0,1,0,25,No,Medium,Location Mismatch
T0617,C019,M004,2026-04-02T22:57:00.000Z,59.88,Purchase,Grocery,City_17,WA,Online,Debit,Customer_19,38,F,City_1,CA,Standard,Merchant_4,City_3,TX,Medium,0,1,0,22,0,1,0,25,No,Medium,Location Mismatch
T0455,C020,M001,2026-04-03T00:29:00.000Z,612.09,Purchase,Luxury,City_5,FL,Online,Debit,Customer_20,58,M,City_13,TX,Standard,Merchant_1,City_16,WA,Medium,0,1,0,0,1,1,0,35,No,Medium,"Location Mismatch, Night Transaction"
T0227,C020,M023,2026-04-06T03:12:00.000Z,1897.83,Purchase,Retail,City_4,CA,POS,Credit,Customer_20,58,M,City_13,TX,Standard,Merchant_23,City_15,TX,High,0,1,1,3,1,1,0,50,Yes,High,"Location Mismatch, High Risk Merchant, Night Transaction"
T0263,C020,M009,2026-04-07T05:03:00.000Z,1884.76,Purchase,Luxury,City_2,CA,POS,Credit,Customer_20,58,M,City_13,TX,Standard,Merchant_9,City_12,IL,High,0,1,1,5,1,1,0,50,Yes,High,"Location Mismatch, High Risk Merchant, Night Transaction"
T0528,C020,M007,2026-04-05T06:36:00.000Z,1644.49,Purchase,Retail,City_6,TX,POS,Credit,Customer_20,58,M,City_13,TX,Standard,Merchant_7,City_10,FL,High,0,0,1,6,0,1,0,15,No,Low,High Risk Merchant
T0947,C020,M025,2026-04-04T09:58:00.000Z,4860.37,Purchase,Retail,City_1,IL,Online,Debit,Customer_20,58,M,City_13,TX,Standard,Merchant_25,City_5,CA,Medium,1,1,0,9,0,1,0,65,Yes,High,"High Amount, Location Mismatch"
T0083,C020,M014,2026-04-06T12:00:00.000Z,1760.86,Purchase,Grocery,City_9,CA,POS,Debit,Customer_20,58,M,City_13,TX,Standard,Merchant_14,City_8,CA,High,0,1,1,12,0,2,0,40,No,Medium,"Location Mismatch, High Risk Merchant"
T0849,C020,M026,2026-04-05T12:17:00.000Z,724.11,Purchase,Retail,City_7,IL,Online,Credit,Customer_20,58,M,City_13,TX,Standard,Merchant_26,City_17,FL,Low,0,1,0,12,0,2,0,25,No,Medium,Location Mismatch
T0756,C020,M011,2026-04-01T16:26:00.000Z,243.92,Purchase,Luxury,City_1,IL,POS,Credit,Customer_20,58,M,City_13,TX,Standard,Merchant_11,City_20,IL,High,0,1,1,16,0,1,0,40,No,Medium,"Location Mismatch, High Risk Merchant"
T0250,C020,M027,2026-04-03T17:08:00.000Z,1268.14,Purchase,Online,City_9,TX,POS,Debit,Customer_20,58,M,City_13,TX,Standard,Merchant_27,City_12,CA,High,0,0,1,17,0,1,0,15,No,Low,High Risk Merchant
T0141,C020,M019,2026-04-05T19:54:00.000Z,2399.66,Purchase,Luxury,City_16,FL,POS,Debit,Customer_20,58,M,City_13,TX,Standard,Merchant_19,City_10,CA,Low,1,1,0,19,0,1,0,65,Yes,High,"High Amount, Location Mismatch"
T0015,C020,M013,2026-04-02T21:11:00.000Z,3325.68,Purchase,Retail,City_2,FL,Online,Debit,Customer_20,58,M,City_13,TX,Standard,Merchant_13,City_12,NY,High,1,1,1,21,0,1,0,80,Yes,High,"High Amount, Location Mismatch, High Risk Merchant"
T0421,C020,M029,2026-04-04T22:28:00.000Z,3741.7,Purchase,Travel,City_14,CA,POS,Credit,Customer_20,58,M,City_13,TX,Standard,Merchant_29,City_3,IL,Low,1,1,0,22,0,1,0,65,Yes,High,"High Amount, Location Mismatch"
T0458,C021,M022,2026-04-07T03:34:00.000Z,4310.28,Purchase,Online,City_17,CA,POS,Debit,Customer_21,31,F,City_20,NY,Premium,Merchant_22,City_1,TX,Medium,1,1,0,3,1,1,0,75,Yes,High,"High Amount, Location Mismatch, Night Transaction"
T0933,C021,M022,2026-04-06T09:14:00.000Z,4822.88,Purchase,Online,City_20,NY,Online,Credit,Customer_21,31,F,City_20,NY,Premium,Merchant_22,City_1,TX,Medium,1,0,0,9,0,1,0,40,No,Medium,High Amount
T0143,C021,M029,2026-04-06T13:50:00.000Z,1851.74,Purchase,Travel,City_14,IL,Online,Credit,Customer_21,31,F,City_20,NY,Premium,Merchant_29,City_3,IL,Low,0,1,0,13,0,1,0,25,No,Medium,Location Mismatch
T0343,C021,M030,2026-04-07T16:47:00.000Z,2772.34,Purchase,Luxury,City_18,FL,Online,Credit,Customer_21,31,F,City_20,NY,Premium,Merchant_30,City_7,TX,Medium,1,1,0,16,0,1,0,65,Yes,High,"High Amount, Location Mismatch"
T0939,C021,M027,2026-04-03T19:54:00.000Z,4640.48,Purchase,Online,City_18,IL,POS,Debit,Customer_21,31,F,City_20,NY,Premium,Merchant_27,City_12,CA,High,1,1,1,19,0,1,0,80,Yes,High,"High Amount, Location Mismatch, High Risk Merchant"
T0187,C021,M004,2026-04-01T21:59:00.000Z,203.36,Purchase,Grocery,City_2,IL,POS,Debit,Customer_21,31,F,City_20,NY,Premium,Merchant_4,City_3,TX,Medium,0,1,0,21,0,1,0,25,No,Medium,Location Mismatch
T0317,C022,M023,2026-04-06T00:24:00.000Z,3356.96,Purchase,Retail,City_18,TX,Online,Debit,Customer_22,30,M,City_17,IL,Standard,Merchant_23,City_15,TX,High,1,1,1,0,1,2,0,90,Yes,High,"High Amount, Location Mismatch, High Risk Merchant, Night Transaction"
T0915,C022,M001,2026-04-05T00:38:00.000Z,3901.15,Purchase,Luxury,City_18,FL,POS,Debit,Customer_22,30,M,City_17,IL,Standard,Merchant_1,City_16,WA,Medium,1,1,0,0,1,2,0,75,Yes,High,"High Amount, Location Mismatch, Night Transaction"
T0106,C022,M020,2026-04-02T02:21:00.000Z,2393.27,Purchase,Travel,City_7,NY,POS,Debit,Customer_22,30,M,City_17,IL,Standard,Merchant_20,City_13,TX,Medium,1,1,0,2,1,1,0,75,Yes,High,"High Amount, Location Mismatch, Night Transaction"
T0687,C022,M008,2026-04-04T03:46:00.000Z,4138.53,Purchase,Travel,City_1,FL,POS,Credit,Customer_22,30,M,City_17,IL,Standard,Merchant_8,City_13,IL,Medium,1,1,0,3,1,1,0,75,Yes,High,"High Amount, Location Mismatch, Night Transaction"
T0293,C022,M022,2026-04-06T04:31:00.000Z,2801.5,Purchase,Online,City_3,TX,Online,Credit,Customer_22,30,M,City_17,IL,Standard,Merchant_22,City_1,TX,Medium,1,1,0,4,1,1,0,75,Yes,High,"High Amount, Location Mismatch, Night Transaction"
T0813,C022,M023,2026-04-03T05:57:00.000Z,316.2,Purchase,Retail,City_12,CA,Online,Debit,Customer_22,30,M,City_17,IL,Standard,Merchant_23,City_15,TX,High,0,1,1,5,1,1,0,50,Yes,High,"Location Mismatch, High Risk Merchant, Night Transaction"
T0841,C022,M026,2026-04-04T09:07:00.000Z,3653.25,Purchase,Retail,City_6,WA,POS,Credit,Customer_22,30,M,City_17,IL,Standard,Merchant_26,City_17,FL,Low,1,1,0,9,0,1,0,65,Yes,High,"High Amount, Location Mismatch"
T0885,C022,M009,2026-04-01T10:03:00.000Z,2654.73,Purchase,Luxury,City_5,NY,POS,Debit,Customer_22,30,M,City_17,IL,Standard,Merchant_9,City_12,IL,High,1,1,1,10,0,1,0,80,Yes,High,"High Amount, Location Mismatch, High Risk Merchant"
T0640,C022,M014,2026-04-01T14:38:00.000Z,4616.56,Purchase,Grocery,City_11,FL,Online,Debit,Customer_22,30,M,City_17,IL,Standard,Merchant_14,City_8,CA,High,1,1,1,14,0,1,0,80,Yes,High,"High Amount, Location Mismatch, High Risk Merchant"
T0527,C023,M025,2026-04-06T02:58:00.000Z,3319.66,Purchase,Retail,City_1,NY,Online,Credit,Customer_23,47,F,City_10,WA,Standard,Merchant_25,City_5,CA,Medium,1,1,0,2,1,1,0,75,Yes,High,"High Amount, Location Mismatch, Night Transaction"
T0042,C023,M025,2026-04-02T09:15:00.000Z,1846.27,Purchase,Retail,City_15,CA,POS,Credit,Customer_23,47,F,City_10,WA,Standard,Merchant_25,City_5,CA,Medium,0,1,0,9,0,1,0,25,No,Medium,Location Mismatch
T0224,C023,M020,2026-04-06T12:38:00.000Z,1583.62,Purchase,Travel,City_3,WA,Online,Debit,Customer_23,47,F,City_10,WA,Standard,Merchant_20,City_13,TX,Medium,0,0,0,12,0,1,0,0,No,Low,""
T0698,C023,M016,2026-04-01T13:14:00.000Z,3696.89,Purchase,Retail,City_14,NY,POS,Credit,Customer_23,47,F,City_10,WA,Standard,Merchant_16,City_5,CA,Medium,1,1,0,13,0,1,0,65,Yes,High,"High Amount, Location Mismatch"
T0516,C023,M014,2026-04-02T14:29:00.000Z,2882.57,Purchase,Grocery,City_17,CA,Online,Credit,Customer_23,47,F,City_10,WA,Standard,Merchant_14,City_8,CA,High,1,1,1,14,0,1,0,80,Yes,High,"High Amount, Location Mismatch, High Risk Merchant"
T0926,C023,M008,2026-04-05T15:36:00.000Z,3029.27,Purchase,Travel,City_13,FL,Online,Debit,Customer_23,47,F,City_10,WA,Standard,Merchant_8,City_13,IL,Medium,1,1,0,15,0,1,0,65,Yes,High,"High Amount, Location Mismatch"
T0911,C023,M014,2026-04-06T17:16:00.000Z,4029.25,Purchase,Grocery,City_3,WA,POS,Credit,Customer_23,47,F,City_10,WA,Standard,Merchant_14,City_8,CA,High,1,0,1,17,0,1,0,55,Yes,High,"High Amount, High Risk Merchant"
T0653,C023,M029,2026-04-07T22:36:00.000Z,2378.59,Purchase,Travel,City_8,FL,Online,Debit,Customer_23,47,F,City_10,WA,Standard,Merchant_29,City_3,IL,Low,1,1,0,22,0,1,0,65,Yes,High,"High Amount, Location Mismatch"
T0971,C024,M014,2026-04-01T00:37:00.000Z,4368.46,Purchase,Grocery,City_2,CA,POS,Debit,Customer_24,23,M,City_7,TX,Standard,Merchant_14,City_8,CA,High,1,1,1,0,1,1,0,90,Yes,High,"High Amount, Location Mismatch, High Risk Merchant, Night Transaction"
T0538,C024,M026,2026-04-04T09:18:00.000Z,1059.68,Purchase,Retail,City_1,TX,POS,Debit,Customer_24,23,M,City_7,TX,Standard,Merchant_26,City_17,FL,Low,0,0,0,9,0,1,0,0,No,Low,""
T0677,C024,M017,2026-04-02T15:22:00.000Z,4169.38,Purchase,Travel,City_11,NY,Online,Credit,Customer_24,23,M,City_7,TX,Standard,Merchant_17,City_1,FL,Low,1,1,0,15,0,1,0,65,Yes,High,"High Amount, Location Mismatch"
T0848,C024,M027,2026-04-04T18:04:00.000Z,4051.84,Purchase,Online,City_19,TX,POS,Debit,Customer_24,23,M,City_7,TX,Standard,Merchant_27,City_12,CA,High,1,0,1,18,0,1,0,55,Yes,High,"High Amount, High Risk Merchant"
T0535,C024,M030,2026-04-01T21:25:00.000Z,564.12,Purchase,Luxury,City_16,TX,Online,Credit,Customer_24,23,M,City_7,TX,Standard,Merchant_30,City_7,TX,Medium,0,0,0,21,0,1,0,0,No,Low,""
T0070,C024,M002,2026-04-06T22:11:00.000Z,493.17,Purchase,Luxury,City_14,WA,POS,Debit,Customer_24,23,M,City_7,TX,Standard,Merchant_2,City_11,CA,High,0,1,1,22,0,1,0,40,No,Medium,"Location Mismatch, High Risk Merchant"
T0025,C024,M002,2026-04-02T23:32:00.000Z,4582.14,Purchase,Luxury,City_11,CA,Online,Debit,Customer_24,23,M,City_7,TX,Standard,Merchant_2,City_11,CA,High,1,1,1,23,0,1,0,80,Yes,High,"High Amount, Location Mismatch, High Risk Merchant"
T0834,C025,M028,2026-04-06T00:50:00.000Z,584.16,Purchase,Grocery,City_19,FL,Online,Debit,Customer_25,25,M,City_5,FL,Standard,Merchant_28,City_3,IL,High,0,0,1,0,1,1,0,25,No,Medium,"High Risk Merchant, Night Transaction"
T0676,C025,M024,2026-04-04T16:45:00.000Z,2543.07,Purchase,Electronics,City_19,CA,POS,Credit,Customer_25,25,M,City_5,FL,Standard,Merchant_24,City_6,FL,High,1,1,1,16,0,1,0,80,Yes,High,"High Amount, Location Mismatch, High Risk Merchant"
T0393,C025,M020,2026-04-07T18:21:00.000Z,3019.16,Purchase,Travel,City_17,WA,Online,Debit,Customer_25,25,M,City_5,FL,Standard,Merchant_20,City_13,TX,Medium,1,1,0,18,0,1,0,65,Yes,High,"High Amount, Location Mismatch"
T0245,C026,M009,2026-04-02T01:57:00.000Z,4297.8,Purchase,Luxury,City_12,CA,Online,Debit,Customer_26,27,M,City_20,IL,Standard,Merchant_9,City_12,IL,High,1,1,1,1,1,1,0,90,Yes,High,"High Amount, Location Mismatch, High Risk Merchant, Night Transaction"
T0246,C026,M011,2026-04-01T05:58:00.000Z,3322.28,Purchase,Luxury,City_8,WA,Online,Debit,Customer_26,27,M,City_20,IL,Standard,Merchant_11,City_20,IL,High,1,1,1,5,1,1,0,90,Yes,High,"High Amount, Location Mismatch, High Risk Merchant, Night Transaction"
T0901,C026,M018,2026-04-04T06:59:00.000Z,2182.63,Purchase,Electronics,City_8,NY,Online,Debit,Customer_26,27,M,City_20,IL,Standard,Merchant_18,City_1,IL,High,1,1,1,6,0,1,0,80,Yes,High,"High Amount, Location Mismatch, High Risk Merchant"
T0203,C026,M015,2026-04-01T07:11:00.000Z,904.13,Purchase,Electronics,City_17,TX,POS,Debit,Customer_26,27,M,City_20,IL,Standard,Merchant_15,City_16,FL,Medium,0,1,0,7,0,2,0,25,No,Medium,Location Mismatch
T0531,C026,M004,2026-04-04T07:49:00.000Z,2797.08,Purchase,Grocery,City_5,CA,POS,Credit,Customer_26,27,M,City_20,IL,Standard,Merchant_4,City_3,TX,Medium,1,1,0,7,0,2,0,65,Yes,High,"High Amount, Location Mismatch"
T0703,C026,M004,2026-04-03T08:00:00.000Z,4404.05,Purchase,Grocery,City_17,TX,POS,Debit,Customer_26,27,M,City_20,IL,Standard,Merchant_4,City_3,TX,Medium,1,1,0,8,0,1,0,65,Yes,High,"High Amount, Location Mismatch"
T0521,C026,M002,2026-04-06T09:38:00.000Z,3413.26,Purchase,Luxury,City_14,NY,POS,Credit,Customer_26,27,M,City_20,IL,Standard,Merchant_2,City_11,CA,High,1,1,1,9,0,1,0,80,Yes,High,"High Amount, Location Mismatch, High Risk Merchant"
T0955,C026,M028,2026-04-02T11:05:00.000Z,4019.92,Purchase,Grocery,City_1,NY,POS,Credit,Customer_26,27,M,City_20,IL,Standard,Merchant_28,City_3,IL,High,1,1,1,11,0,3,1,100,Yes,High,"High Amount, Location Mismatch, High Risk Merchant, Rapid Repeat"
T0173,C026,M027,2026-04-04T11:25:00.000Z,1894.86,Purchase,Online,City_2,WA,POS,Credit,Customer_26,27,M,City_20,IL,Standard,Merchant_27,City_12,CA,High,0,1,1,11,0,3,1,60,Yes,High,"Location Mismatch, High Risk Merchant, Rapid Repeat"
T0562,C026,M001,2026-04-07T11:40:00.000Z,2912.71,Purchase,Luxury,City_11,TX,POS,Debit,Customer_26,27,M,City_20,IL,Standard,Merchant_1,City_16,WA,Medium,1,1,0,11,0,3,1,85,Yes,High,"High Amount, Location Mismatch, Rapid Repeat"
T0931,C026,M026,2026-04-02T12:59:00.000Z,2065.72,Purchase,Retail,City_17,IL,Online,Credit,Customer_26,27,M,City_20,IL,Standard,Merchant_26,City_17,FL,Low,1,0,0,12,0,1,0,40,No,Medium,High Amount
T0159,C026,M001,2026-04-07T14:32:00.000Z,2734.46,Purchase,Luxury,City_10,FL,Online,Credit,Customer_26,27,M,City_20,IL,Standard,Merchant_1,City_16,WA,Medium,1,1,0,14,0,1,0,65,Yes,High,"High Amount, Location Mismatch"
T0936,C026,M009,2026-04-04T15:42:00.000Z,1578.81,Purchase,Luxury,City_5,NY,POS,Debit,Customer_26,27,M,City_20,IL,Standard,Merchant_9,City_12,IL,High,0,1,1,15,0,1,0,40,No,Medium,"Location Mismatch, High Risk Merchant"
T0904,C026,M014,2026-04-02T20:52:00.000Z,1629.85,Purchase,Grocery,City_2,TX,Online,Credit,Customer_26,27,M,City_20,IL,Standard,Merchant_14,City_8,CA,High,0,1,1,20,0,1,0,40,No,Medium,"Location Mismatch, High Risk Merchant"
T0347,C026,M029,2026-04-05T23:30:00.000Z,3060.95,Purchase,Travel,City_11,WA,POS,Credit,Customer_26,27,M,City_20,IL,Standard,Merchant_29,City_3,IL,Low,1,1,0,23,0,1,0,65,Yes,High,"High Amount, Location Mismatch"
T0080,C027,M011,2026-04-04T00:03:00.000Z,2433.91,Purchase,Luxury,City_20,TX,Online,Debit,Customer_27,29,F,City_20,FL,Premium,Merchant_11,City_20,IL,High,1,1,1,0,1,2,0,90,Yes,High,"High Amount, Location Mismatch, High Risk Merchant, Night Transaction"
T0309,C027,M030,2026-04-01T00:02:00.000Z,4525.92,Purchase,Luxury,City_1,FL,POS,Credit,Customer_27,29,F,City_20,FL,Premium,Merchant_30,City_7,TX,Medium,1,0,0,0,1,2,0,50,Yes,High,"High Amount, Night Transaction"
T0081,C027,M015,2026-04-02T02:48:00.000Z,2153.17,Purchase,Electronics,City_20,IL,POS,Credit,Customer_27,29,F,City_20,FL,Premium,Merchant_15,City_16,FL,Medium,1,1,0,2,1,1,0,75,Yes,High,"High Amount, Location Mismatch, Night Transaction"
T0482,C027,M004,2026-04-05T05:16:00.000Z,4200.9,Purchase,Grocery,City_1,IL,Online,Debit,Customer_27,29,F,City_20,FL,Premium,Merchant_4,City_3,TX,Medium,1,1,0,5,1,1,0,75,Yes,High,"High Amount, Location Mismatch, Night Transaction"
T0623,C027,M007,2026-04-01T06:18:00.000Z,392.24,Purchase,Retail,City_12,WA,POS,Debit,Customer_27,29,F,City_20,FL,Premium,Merchant_7,City_10,FL,High,0,1,1,6,0,1,0,40,No,Medium,"Location Mismatch, High Risk Merchant"
T0747,C027,M014,2026-04-03T07:40:00.000Z,4727.85,Purchase,Grocery,City_12,IL,POS,Debit,Customer_27,29,F,City_20,FL,Premium,Merchant_14,City_8,CA,High,1,1,1,7,0,1,0,80,Yes,High,"High Amount, Location Mismatch, High Risk Merchant"
T0100,C027,M021,2026-04-05T09:41:00.000Z,4494.97,Purchase,Electronics,City_12,IL,POS,Credit,Customer_27,29,F,City_20,FL,Premium,Merchant_21,City_16,TX,Low,1,1,0,9,0,1,0,65,Yes,High,"High Amount, Location Mismatch"
T0172,C027,M029,2026-04-03T10:33:00.000Z,1596.37,Purchase,Travel,City_15,WA,Online,Credit,Customer_27,29,F,City_20,FL,Premium,Merchant_29,City_3,IL,Low,0,1,0,10,0,2,0,25,No,Medium,Location Mismatch
T0983,C027,M013,2026-04-04T10:40:00.000Z,3598.64,Purchase,Retail,City_3,FL,Online,Credit,Customer_27,29,F,City_20,FL,Premium,Merchant_13,City_12,NY,High,1,0,1,10,0,2,0,55,Yes,High,"High Amount, High Risk Merchant"
T0749,C027,M022,2026-04-01T14:37:00.000Z,2300.17,Purchase,Online,City_12,NY,Online,Debit,Customer_27,29,F,City_20,FL,Premium,Merchant_22,City_1,TX,Medium,1,1,0,14,0,1,0,65,Yes,High,"High Amount, Location Mismatch"
T0426,C027,M016,2026-04-05T16:34:00.000Z,3533.71,Purchase,Retail,City_17,CA,POS,Debit,Customer_27,29,F,City_20,FL,Premium,Merchant_16,City_5,CA,Medium,1,1,0,16,0,1,0,65,Yes,High,"High Amount, Location Mismatch"
T0997,C027,M004,2026-04-01T20:25:00.000Z,3270.57,Purchase,Grocery,City_1,IL,POS,Credit,Customer_27,29,F,City_20,FL,Premium,Merchant_4,City_3,TX,Medium,1,1,0,20,0,2,0,65,Yes,High,"High Amount, Location Mismatch"
T0444,C027,M023,2026-04-06T20:05:00.000Z,4973.11,Purchase,Retail,City_9,FL,POS,Debit,Customer_27,29,F,City_20,FL,Premium,Merchant_23,City_15,TX,High,1,0,1,20,0,2,0,55,Yes,High,"High Amount, High Risk Merchant"
T0635,C027,M005,2026-04-06T21:52:00.000Z,3206.38,Purchase,Luxury,City_6,NY,Online,Credit,Customer_27,29,F,City_20,FL,Premium,Merchant_5,City_17,IL,High,1,1,1,21,0,1,0,80,Yes,High,"High Amount, Location Mismatch, High Risk Merchant"
T0557,C028,M002,2026-04-01T00:29:00.000Z,4760.66,Purchase,Luxury,City_4,NY,Online,Credit,Customer_28,50,M,City_18,IL,Standard,Merchant_2,City_11,CA,High,1,1,1,0,1,1,0,90,Yes,High,"High Amount, Location Mismatch, High Risk Merchant, Night Transaction"
T0783,C028,M011,2026-04-04T05:57:00.000Z,1587.95,Purchase,Luxury,City_10,IL,POS,Debit,Customer_28,50,M,City_18,IL,Standard,Merchant_11,City_20,IL,High,0,0,1,5,1,2,0,25,No,Medium,"High Risk Merchant, Night Transaction"
T0778,C028,M027,2026-04-07T05:11:00.000Z,2423.52,Purchase,Online,City_4,NY,Online,Debit,Customer_28,50,M,City_18,IL,Standard,Merchant_27,City_12,CA,High,1,1,1,5,1,2,0,90,Yes,High,"High Amount, Location Mismatch, High Risk Merchant, Night Transaction"
T0202,C028,M021,2026-04-03T09:56:00.000Z,1682.58,Purchase,Electronics,City_9,TX,Online,Credit,Customer_28,50,M,City_18,IL,Standard,Merchant_21,City_16,TX,Low,0,1,0,9,0,1,0,25,No,Medium,Location Mismatch
T0513,C028,M004,2026-04-01T11:45:00.000Z,3780.6,Purchase,Grocery,City_17,IL,POS,Debit,Customer_28,50,M,City_18,IL,Standard,Merchant_4,City_3,TX,Medium,1,0,0,11,0,1,0,40,No,Medium,High Amount
T0670,C028,M002,2026-04-05T13:08:00.000Z,2595.74,Purchase,Luxury,City_8,TX,POS,Credit,Customer_28,50,M,City_18,IL,Standard,Merchant_2,City_11,CA,High,1,1,1,13,0,1,0,80,Yes,High,"High Amount, Location Mismatch, High Risk Merchant"
T0129,C029,M008,2026-04-02T00:46:00.000Z,83.62,Purchase,Travel,City_10,IL,Online,Debit,Customer_29,41,M,City_18,TX,Standard,Merchant_8,City_13,IL,Medium,0,1,0,0,1,1,0,35,No,Medium,"Location Mismatch, Night Transaction"
T0032,C029,M003,2026-04-07T02:50:00.000Z,4544.04,Purchase,Online,City_9,WA,POS,Credit,Customer_29,41,M,City_18,TX,Standard,Merchant_3,City_3,TX,Low,1,1,0,2,1,2,0,75,Yes,High,"High Amount, Location Mismatch, Night Transaction"
T0570,C029,M013,2026-04-06T02:50:00.000Z,757.28,Purchase,Retail,City_20,NY,Online,Credit,Customer_29,41,M,City_18,TX,Standard,Merchant_13,City_12,NY,High,0,1,1,2,1,2,0,50,Yes,High,"Location Mismatch, High Risk Merchant, Night Transaction"
T0221,C029,M008,2026-04-01T05:58:00.000Z,3183.54,Purchase,Travel,City_12,CA,POS,Credit,Customer_29,41,M,City_18,TX,Standard,Merchant_8,City_13,IL,Medium,1,1,0,5,1,1,0,75,Yes,High,"High Amount, Location Mismatch, Night Transaction"
T0874,C029,M007,2026-04-04T11:31:00.000Z,260.85,Purchase,Retail,City_13,IL,POS,Credit,Customer_29,41,M,City_18,TX,Standard,Merchant_7,City_10,FL,High,0,1,1,11,0,2,0,40,No,Medium,"Location Mismatch, High Risk Merchant"
T0403,C029,M026,2026-04-04T11:09:00.000Z,3343.86,Purchase,Retail,City_16,FL,POS,Debit,Customer_29,41,M,City_18,TX,Standard,Merchant_26,City_17,FL,Low,1,1,0,11,0,2,0,65,Yes,High,"High Amount, Location Mismatch"
T0038,C029,M001,2026-04-02T12:24:00.000Z,332.01,Purchase,Luxury,City_19,TX,POS,Debit,Customer_29,41,M,City_18,TX,Standard,Merchant_1,City_16,WA,Medium,0,0,0,12,0,1,0,0,No,Low,""
T0267,C029,M007,2026-04-05T14:58:00.000Z,759.85,Purchase,Retail,City_1,WA,POS,Debit,Customer_29,41,M,City_18,TX,Standard,Merchant_7,City_10,FL,High,0,1,1,14,0,1,0,40,No,Medium,"Location Mismatch, High Risk Merchant"
T0714,C029,M015,2026-04-01T15:00:00.000Z,4519.28,Purchase,Electronics,City_19,WA,Online,Debit,Customer_29,41,M,City_18,TX,Standard,Merchant_15,City_16,FL,Medium,1,1,0,15,0,1,0,65,Yes,High,"High Amount, Location Mismatch"
T0382,C029,M017,2026-04-01T18:14:00.000Z,2046.56,Purchase,Travel,City_13,NY,POS,Debit,Customer_29,41,M,City_18,TX,Standard,Merchant_17,City_1,FL,Low,1,1,0,18,0,1,0,65,Yes,High,"High Amount, Location Mismatch"
T0644,C029,M015,2026-04-04T19:45:00.000Z,1786.8,Purchase,Electronics,City_1,TX,Online,Credit,Customer_29,41,M,City_18,TX,Standard,Merchant_15,City_16,FL,Medium,0,0,0,19,0,1,0,0,No,Low,""
T0094,C029,M027,2026-04-05T20:58:00.000Z,996.43,Purchase,Online,City_7,CA,Online,Credit,Customer_29,41,M,City_18,TX,Standard,Merchant_27,City_12,CA,High,0,1,1,20,0,1,0,40,No,Medium,"Location Mismatch, High Risk Merchant"
T0017,C029,M011,2026-04-03T22:38:00.000Z,2940.72,Purchase,Luxury,City_3,FL,Online,Debit,Customer_29,41,M,City_18,TX,Standard,Merchant_11,City_20,IL,High,1,1,1,22,0,2,0,80,Yes,High,"High Amount, Location Mismatch, High Risk Merchant"
T0929,C029,M022,2026-04-03T22:35:00.000Z,2526.79,Purchase,Online,City_17,NY,Online,Debit,Customer_29,41,M,City_18,TX,Standard,Merchant_22,City_1,TX,Medium,1,1,0,22,0,2,0,65,Yes,High,"High Amount, Location Mismatch"
T0233,C029,M006,2026-04-03T23:45:00.000Z,91.92,Purchase,Electronics,City_5,FL,Online,Credit,Customer_29,41,M,City_18,TX,Standard,Merchant_6,City_18,WA,High,0,1,1,23,0,1,0,40,No,Medium,"Location Mismatch, High Risk Merchant"
T0728,C030,M030,2026-04-02T00:20:00.000Z,2807.96,Purchase,Luxury,City_6,CA,POS,Credit,Customer_30,58,F,City_5,TX,Standard,Merchant_30,City_7,TX,Medium,1,1,0,0,1,1,0,75,Yes,High,"High Amount, Location Mismatch, Night Transaction"
T0804,C030,M008,2026-04-02T01:41:00.000Z,2393.64,Purchase,Travel,City_14,TX,Online,Debit,Customer_30,58,F,City_5,TX,Standard,Merchant_8,City_13,IL,Medium,1,0,0,1,1,1,0,50,Yes,High,"High Amount, Night Transaction"
T0099,C030,M028,2026-04-01T03:55:00.000Z,3014.26,Purchase,Grocery,City_14,TX,Online,Debit,Customer_30,58,F,City_5,TX,Standard,Merchant_28,City_3,IL,High,1,0,1,3,1,2,0,65,Yes,High,"High Amount, High Risk Merchant, Night Transaction"
T0247,C030,M023,2026-04-03T03:25:00.000Z,3959.33,Purchase,Retail,City_1,IL,Online,Credit,Customer_30,58,F,City_5,TX,Standard,Merchant_23,City_15,TX,High,1,1,1,3,1,2,0,90,Yes,High,"High Amount, Location Mismatch, High Risk Merchant, Night Transaction"
T0851,C030,M014,2026-04-07T06:19:00.000Z,2557.12,Purchase,Grocery,City_19,IL,POS,Debit,Customer_30,58,F,City_5,TX,Standard,Merchant_14,City_8,CA,High,1,1,1,6,0,2,0,80,Yes,High,"High Amount, Location Mismatch, High Risk Merchant"
T0441,C030,M018,2026-04-04T06:28:00.000Z,1015.65,Purchase,Electronics,City_3,FL,Online,Debit,Customer_30,58,F,City_5,TX,Standard,Merchant_18,City_1,IL,High,0,1,1,6,0,2,0,40,No,Medium,"Location Mismatch, High Risk Merchant"
T0935,C030,M002,2026-04-06T07:25:00.000Z,1977.1,Purchase,Luxury,City_5,IL,POS,Debit,Customer_30,58,F,City_5,TX,Standard,Merchant_2,City_11,CA,High,0,1,1,7,0,2,0,40,No,Medium,"Location Mismatch, High Risk Merchant"
T0847,C030,M021,2026-04-07T07:50:00.000Z,4484.52,Purchase,Electronics,City_2,FL,Online,Debit,Customer_30,58,F,City_5,TX,Standard,Merchant_21,City_16,TX,Low,1,1,0,7,0,2,0,65,Yes,High,"High Amount, Location Mismatch"
T0674,C030,M016,2026-04-05T08:05:00.000Z,4670.32,Purchase,Retail,City_3,FL,POS,Credit,Customer_30,58,F,City_5,TX,Standard,Merchant_16,City_5,CA,Medium,1,1,0,8,0,1,0,65,Yes,High,"High Amount, Location Mismatch"
T0164,C030,M004,2026-04-07T10:29:00.000Z,2946.84,Purchase,Grocery,City_4,IL,Online,Debit,Customer_30,58,F,City_5,TX,Standard,Merchant_4,City_3,TX,Medium,1,1,0,10,0,1,0,65,Yes,High,"High Amount, Location Mismatch"
T0331,C030,M024,2026-04-06T12:48:00.000Z,2534.62,Purchase,Electronics,City_12,NY,Online,Credit,Customer_30,58,F,City_5,TX,Standard,Merchant_24,City_6,FL,High,1,1,1,12,0,1,0,80,Yes,High,"High Amount, Location Mismatch, High Risk Merchant"
T0323,C030,M030,2026-04-07T18:28:00.000Z,2385.63,Purchase,Luxury,City_12,CA,Online,Debit,Customer_30,58,F,City_5,TX,Standard,Merchant_30,City_7,TX,Medium,1,1,0,18,0,1,0,65,Yes,High,"High Amount, Location Mismatch"
T0260,C030,M016,2026-04-03T19:44:00.000Z,2869.58,Purchase,Retail,City_9,CA,Online,Credit,Customer_30,58,F,City_5,TX,Standard,Merchant_16,City_5,CA,Medium,1,1,0,19,0,1,0,65,Yes,High,"High Amount, Location Mismatch"
T0744,C030,M010,2026-04-03T20:36:00.000Z,1051.94,Purchase,Grocery,City_5,WA,Online,Credit,Customer_30,58,F,City_5,TX,Standard,Merchant_10,City_4,NY,Low,0,1,0,20,0,1,0,25,No,Medium,Location Mismatch
T0360,C031,M006,2026-04-05T00:32:00.000Z,1980.01,Purchase,Electronics,City_17,NY,Online,Credit,Customer_31,52,M,City_18,IL,Premium,Merchant_6,City_18,WA,High,0,1,1,0,1,1,0,50,Yes,High,"Location Mismatch, High Risk Merchant, Night Transaction"
T0704,C031,M005,2026-04-04T04:31:00.000Z,1757.28,Purchase,Luxury,City_10,WA,POS,Credit,Customer_31,52,M,City_18,IL,Premium,Merchant_5,City_17,IL,High,0,1,1,4,1,1,0,50,Yes,High,"Location Mismatch, High Risk Merchant, Night Transaction"
T0532,C031,M006,2026-04-06T06:28:00.000Z,4305.23,Purchase,Electronics,City_1,TX,POS,Debit,Customer_31,52,M,City_18,IL,Premium,Merchant_6,City_18,WA,High,1,1,1,6,0,1,0,80,Yes,High,"High Amount, Location Mismatch, High Risk Merchant"
T0646,C031,M008,2026-04-06T15:26:00.000Z,201.99,Purchase,Travel,City_5,FL,POS,Credit,Customer_31,52,M,City_18,IL,Premium,Merchant_8,City_13,IL,Medium,0,1,0,15,0,1,0,25,No,Medium,Location Mismatch
T0338,C031,M021,2026-04-01T19:34:00.000Z,445.46,Purchase,Electronics,City_2,FL,Online,Credit,Customer_31,52,M,City_18,IL,Premium,Merchant_21,City_16,TX,Low,0,1,0,19,0,1,0,25,No,Medium,Location Mismatch
T0177,C031,M017,2026-04-01T21:51:00.000Z,4411.56,Purchase,Travel,City_11,NY,POS,Debit,Customer_31,52,M,City_18,IL,Premium,Merchant_17,City_1,FL,Low,1,1,0,21,0,1,0,65,Yes,High,"High Amount, Location Mismatch"
T0768,C032,M028,2026-04-06T04:43:00.000Z,2762.95,Purchase,Grocery,City_2,IL,Online,Credit,Customer_32,38,M,City_11,FL,Standard,Merchant_28,City_3,IL,High,1,1,1,4,1,1,0,90,Yes,High,"High Amount, Location Mismatch, High Risk Merchant, Night Transaction"
T0743,C032,M008,2026-04-01T07:30:00.000Z,1859.2,Purchase,Travel,City_10,NY,Online,Credit,Customer_32,38,M,City_11,FL,Standard,Merchant_8,City_13,IL,Medium,0,1,0,7,0,1,0,25,No,Medium,Location Mismatch
T0522,C032,M009,2026-04-04T08:43:00.000Z,726.95,Purchase,Luxury,City_16,FL,Online,Credit,Customer_32,38,M,City_11,FL,Standard,Merchant_9,City_12,IL,High,0,0,1,8,0,3,1,35,No,Medium,"High Risk Merchant, Rapid Repeat"
T0542,C032,M022,2026-04-06T08:13:00.000Z,2102.59,Purchase,Online,City_16,CA,Online,Credit,Customer_32,38,M,City_11,FL,Standard,Merchant_22,City_1,TX,Medium,1,1,0,8,0,3,1,85,Yes,High,"High Amount, Location Mismatch, Rapid Repeat"
T0075,C032,M021,2026-04-06T08:32:00.000Z,4840.86,Purchase,Electronics,City_11,CA,Online,Credit,Customer_32,38,M,City_11,FL,Standard,Merchant_21,City_16,TX,Low,1,1,0,8,0,3,1,85,Yes,High,"High Amount, Location Mismatch, Rapid Repeat"
T0815,C032,M011,2026-04-07T09:28:00.000Z,4437.81,Purchase,Luxury,City_1,TX,Online,Credit,Customer_32,38,M,City_11,FL,Standard,Merchant_11,City_20,IL,High,1,1,1,9,0,1,0,80,Yes,High,"High Amount, Location Mismatch, High Risk Merchant"
T0341,C032,M013,2026-04-02T12:44:00.000Z,1517.06,Purchase,Retail,City_9,NY,POS,Debit,Customer_32,38,M,City_11,FL,Standard,Merchant_13,City_12,NY,High,0,1,1,12,0,2,0,40,No,Medium,"Location Mismatch, High Risk Merchant"
T0269,C032,M014,2026-04-07T12:21:00.000Z,2274.44,Purchase,Grocery,City_2,TX,Online,Debit,Customer_32,38,M,City_11,FL,Standard,Merchant_14,City_8,CA,High,1,1,1,12,0,2,0,80,Yes,High,"High Amount, Location Mismatch, High Risk Merchant"
T0706,C032,M019,2026-04-03T13:17:00.000Z,4751.14,Purchase,Luxury,City_13,FL,POS,Credit,Customer_32,38,M,City_11,FL,Standard,Merchant_19,City_10,CA,Low,1,0,0,13,0,1,0,40,No,Medium,High Amount
T0889,C032,M017,2026-04-06T16:00:00.000Z,4737.26,Purchase,Travel,City_17,WA,POS,Debit,Customer_32,38,M,City_11,FL,Standard,Merchant_17,City_1,FL,Low,1,1,0,16,0,1,0,65,Yes,High,"High Amount, Location Mismatch"
T0434,C032,M013,2026-04-07T22:16:00.000Z,3081.9,Purchase,Retail,City_17,FL,POS,Credit,Customer_32,38,M,City_11,FL,Standard,Merchant_13,City_12,NY,High,1,0,1,22,0,1,0,55,Yes,High,"High Amount, High Risk Merchant"
T0733,C033,M017,2026-04-01T01:44:00.000Z,3160.91,Purchase,Travel,City_10,FL,Online,Credit,Customer_33,30,M,City_6,TX,Standard,Merchant_17,City_1,FL,Low,1,1,0,1,1,1,0,75,Yes,High,"High Amount, Location Mismatch, Night Transaction"
T0334,C033,M026,2026-04-07T02:45:00.000Z,3205.22,Purchase,Retail,City_8,NY,POS,Debit,Customer_33,30,M,City_6,TX,Standard,Merchant_26,City_17,FL,Low,1,1,0,2,1,2,0,75,Yes,High,"High Amount, Location Mismatch, Night Transaction"
T0005,C033,M020,2026-04-07T02:17:00.000Z,460.85,Purchase,Travel,City_2,TX,POS,Debit,Customer_33,30,M,City_6,TX,Standard,Merchant_20,City_13,TX,Medium,0,0,0,2,1,2,0,10,No,Low,Night Transaction
T0584,C033,M001,2026-04-06T04:02:00.000Z,1780.62,Purchase,Luxury,City_8,WA,Online,Credit,Customer_33,30,M,City_6,TX,Standard,Merchant_1,City_16,WA,Medium,0,1,0,4,1,1,0,35,No,Medium,"Location Mismatch, Night Transaction"
T0745,C033,M013,2026-04-02T12:21:00.000Z,4159.89,Purchase,Retail,City_16,NY,POS,Debit,Customer_33,30,M,City_6,TX,Standard,Merchant_13,City_12,NY,High,1,1,1,12,0,2,0,80,Yes,High,"High Amount, Location Mismatch, High Risk Merchant"
T0514,C033,M015,2026-04-06T12:08:00.000Z,1879.77,Purchase,Electronics,City_7,WA,POS,Credit,Customer_33,30,M,City_6,TX,Standard,Merchant_15,City_16,FL,Medium,0,1,0,12,0,2,0,25,No,Medium,Location Mismatch
T0525,C033,M001,2026-04-01T13:39:00.000Z,2276.94,Purchase,Luxury,City_1,FL,Online,Debit,Customer_33,30,M,City_6,TX,Standard,Merchant_1,City_16,WA,Medium,1,1,0,13,0,1,0,65,Yes,High,"High Amount, Location Mismatch"
T0133,C033,M001,2026-04-01T15:29:00.000Z,1979.99,Purchase,Luxury,City_15,TX,POS,Credit,Customer_33,30,M,City_6,TX,Standard,Merchant_1,City_16,WA,Medium,0,0,0,15,0,1,0,0,No,Low,""
T0729,C033,M007,2026-04-05T16:05:00.000Z,1573.41,Purchase,Retail,City_4,IL,POS,Credit,Customer_33,30,M,City_6,TX,Standard,Merchant_7,City_10,FL,High,0,1,1,16,0,1,0,40,No,Medium,"Location Mismatch, High Risk Merchant"
T0197,C033,M026,2026-04-06T17:18:00.000Z,4517.0,Purchase,Retail,City_8,NY,Online,Debit,Customer_33,30,M,City_6,TX,Standard,Merchant_26,City_17,FL,Low,1,1,0,17,0,1,0,65,Yes,High,"High Amount, Location Mismatch"
T0305,C033,M006,2026-04-01T18:09:00.000Z,1890.64,Purchase,Electronics,City_13,FL,POS,Debit,Customer_33,30,M,City_6,TX,Standard,Merchant_6,City_18,WA,High,0,1,1,18,0,1,0,40,No,Medium,"Location Mismatch, High Risk Merchant"
T0342,C033,M027,2026-04-04T21:03:00.000Z,466.05,Purchase,Online,City_6,FL,Online,Credit,Customer_33,30,M,City_6,TX,Standard,Merchant_27,City_12,CA,High,0,1,1,21,0,2,0,40,No,Medium,"Location Mismatch, High Risk Merchant"
T0191,C033,M016,2026-04-02T21:22:00.000Z,3169.48,Purchase,Retail,City_11,IL,POS,Debit,Customer_33,30,M,City_6,TX,Standard,Merchant_16,City_5,CA,Medium,1,1,0,21,0,2,0,65,Yes,High,"High Amount, Location Mismatch"
T0821,C034,M021,2026-04-01T03:24:00.000Z,4030.61,Purchase,Electronics,City_6,CA,POS,Credit,Customer_34,50,F,City_2,IL,Standard,Merchant_21,City_16,TX,Low,1,1,0,3,1,1,0,75,Yes,High,"High Amount, Location Mismatch, Night Transaction"
T0010,C034,M021,2026-04-02T04:58:00.000Z,4555.7,Purchase,Electronics,City_18,TX,POS,Credit,Customer_34,50,F,City_2,IL,Standard,Merchant_21,City_16,TX,Low,1,1,0,4,1,1,0,75,Yes,High,"High Amount, Location Mismatch, Night Transaction"
T0370,C034,M022,2026-04-05T05:24:00.000Z,383.13,Purchase,Online,City_14,TX,Online,Credit,Customer_34,50,F,City_2,IL,Standard,Merchant_22,City_1,TX,Medium,0,1,0,5,1,2,0,35,No,Medium,"Location Mismatch, Night Transaction"
T0533,C034,M008,2026-04-05T05:14:00.000Z,3488.06,Purchase,Travel,City_8,NY,Online,Debit,Customer_34,50,F,City_2,IL,Standard,Merchant_8,City_13,IL,Medium,1,1,0,5,1,2,0,75,Yes,High,"High Amount, Location Mismatch, Night Transaction"
T0838,C034,M008,2026-04-06T06:06:00.000Z,4572.63,Purchase,Travel,City_12,IL,Online,Credit,Customer_34,50,F,City_2,IL,Standard,Merchant_8,City_13,IL,Medium,1,0,0,6,0,2,0,40,No,Medium,High Amount
T0927,C034,M020,2026-04-07T06:47:00.000Z,1160.62,Purchase,Travel,City_18,WA,Online,Debit,Customer_34,50,F,City_2,IL,Standard,Merchant_20,City_13,TX,Medium,0,1,0,6,0,2,0,25,No,Medium,Location Mismatch
T0225,C034,M003,2026-04-02T07:12:00.000Z,4678.06,Purchase,Online,City_6,FL,Online,Credit,Customer_34,50,F,City_2,IL,Standard,Merchant_3,City_3,TX,Low,1,1,0,7,0,1,0,65,Yes,High,"High Amount, Location Mismatch"
T0055,C034,M013,2026-04-03T10:44:00.000Z,1763.81,Purchase,Retail,City_11,WA,Online,Debit,Customer_34,50,F,City_2,IL,Standard,Merchant_13,City_12,NY,High,0,1,1,10,0,1,0,40,No,Medium,"Location Mismatch, High Risk Merchant"
T0490,C034,M023,2026-04-02T11:48:00.000Z,2587.66,Purchase,Retail,City_10,NY,Online,Credit,Customer_34,50,F,City_2,IL,Standard,Merchant_23,City_15,TX,High,1,1,1,11,0,1,0,80,Yes,High,"High Amount, Location Mismatch, High Risk Merchant"
T0636,C034,M017,2026-04-07T16:56:00.000Z,3224.01,Purchase,Travel,City_5,WA,POS,Debit,Customer_34,50,F,City_2,IL,Standard,Merchant_17,City_1,FL,Low,1,1,0,16,0,1,0,65,Yes,High,"High Amount, Location Mismatch"
T0443,C034,M002,2026-04-05T17:16:00.000Z,2456.68,Purchase,Luxury,City_2,WA,POS,Debit,Customer_34,50,F,City_2,IL,Standard,Merchant_2,City_11,CA,High,1,1,1,17,0,1,0,80,Yes,High,"High Amount, Location Mismatch, High Risk Merchant"
T0619,C034,M028,2026-04-03T18:59:00.000Z,756.86,Purchase,Grocery,City_19,NY,POS,Credit,Customer_34,50,F,City_2,IL,Standard,Merchant_28,City_3,IL,High,0,1,1,18,0,1,0,40,No,Medium,"Location Mismatch, High Risk Merchant"
T0180,C034,M012,2026-04-02T19:35:00.000Z,2769.11,Purchase,Grocery,City_13,CA,POS,Credit,Customer_34,50,F,City_2,IL,Standard,Merchant_12,City_2,WA,High,1,1,1,19,0,1,0,80,Yes,High,"High Amount, Location Mismatch, High Risk Merchant"
T0062,C034,M027,2026-04-04T20:37:00.000Z,1042.34,Purchase,Online,City_3,CA,POS,Debit,Customer_34,50,F,City_2,IL,Standard,Merchant_27,City_12,CA,High,0,1,1,20,0,2,0,40,No,Medium,"Location Mismatch, High Risk Merchant"
T0004,C034,M003,2026-04-06T20:45:00.000Z,3102.66,Purchase,Online,City_16,TX,POS,Debit,Customer_34,50,F,City_2,IL,Standard,Merchant_3,City_3,TX,Low,1,1,0,20,0,2,0,65,Yes,High,"High Amount, Location Mismatch"
T0321,C034,M027,2026-04-06T22:54:00.000Z,4272.27,Purchase,Online,City_4,FL,Online,Credit,Customer_34,50,F,City_2,IL,Standard,Merchant_27,City_12,CA,High,1,1,1,22,0,1,0,80,Yes,High,"High Amount, Location Mismatch, High Risk Merchant"
T0406,C035,M015,2026-04-05T00:57:00.000Z,4072.53,Purchase,Electronics,City_6,CA,POS,Debit,Customer_35,53,F,City_19,TX,Premium,Merchant_15,City_16,FL,Medium,1,1,0,0,1,1,0,75,Yes,High,"High Amount, Location Mismatch, Night Transaction"
T0959,C035,M016,2026-04-05T10:40:00.000Z,2133.68,Purchase,Retail,City_10,TX,Online,Debit,Customer_35,53,F,City_19,TX,Premium,Merchant_16,City_5,CA,Medium,1,0,0,10,0,1,0,40,No,Medium,High Amount
T0519,C035,M028,2026-04-07T11:42:00.000Z,890.51,Purchase,Grocery,City_7,WA,Online,Credit,Customer_35,53,F,City_19,TX,Premium,Merchant_28,City_3,IL,High,0,1,1,11,0,1,0,40,No,Medium,"Location Mismatch, High Risk Merchant"
T0566,C035,M003,2026-04-02T12:23:00.000Z,593.35,Purchase,Online,City_14,IL,POS,Credit,Customer_35,53,F,City_19,TX,Premium,Merchant_3,City_3,TX,Low,0,1,0,12,0,1,0,25,No,Medium,Location Mismatch
T0316,C035,M023,2026-04-07T14:25:00.000Z,4275.84,Purchase,Retail,City_9,NY,Online,Credit,Customer_35,53,F,City_19,TX,Premium,Merchant_23,City_15,TX,High,1,1,1,14,0,1,0,80,Yes,High,"High Amount, Location Mismatch, High Risk Merchant"
T0078,C035,M013,2026-04-02T15:30:00.000Z,1540.3,Purchase,Retail,City_13,IL,Online,Credit,Customer_35,53,F,City_19,TX,Premium,Merchant_13,City_12,NY,High,0,1,1,15,0,1,0,40,No,Medium,"Location Mismatch, High Risk Merchant"
T0737,C035,M005,2026-04-03T23:05:00.000Z,3779.95,Purchase,Luxury,City_2,IL,Online,Debit,Customer_35,53,F,City_19,TX,Premium,Merchant_5,City_17,IL,High,1,1,1,23,0,2,0,80,Yes,High,"High Amount, Location Mismatch, High Risk Merchant"
T0404,C035,M027,2026-04-05T23:11:00.000Z,3842.11,Purchase,Online,City_11,NY,POS,Credit,Customer_35,53,F,City_19,TX,Premium,Merchant_27,City_12,CA,High,1,1,1,23,0,2,0,80,Yes,High,"High Amount, Location Mismatch, High Risk Merchant"
T0446,C036,M028,2026-04-05T00:29:00.000Z,3222.52,Purchase,Grocery,City_12,NY,Online,Debit,Customer_36,51,F,City_20,CA,Premium,Merchant_28,City_3,IL,High,1,1,1,0,1,1,0,90,Yes,High,"High Amount, Location Mismatch, High Risk Merchant, Night Transaction"
T0629,C036,M001,2026-04-07T08:39:00.000Z,617.92,Purchase,Luxury,City_10,NY,POS,Credit,Customer_36,51,F,City_20,CA,Premium,Merchant_1,City_16,WA,Medium,0,1,0,8,0,1,0,25,No,Medium,Location Mismatch
T0307,C036,M008,2026-04-01T09:05:00.000Z,1927.51,Purchase,Travel,City_11,FL,POS,Credit,Customer_36,51,F,City_20,CA,Premium,Merchant_8,City_13,IL,Medium,0,1,0,9,0,1,0,25,No,Medium,Location Mismatch
T0530,C036,M027,2026-04-06T11:08:00.000Z,2563.28,Purchase,Online,City_19,CA,POS,Debit,Customer_36,51,F,City_20,CA,Premium,Merchant_27,City_12,CA,High,1,0,1,11,0,1,0,55,Yes,High,"High Amount, High Risk Merchant"
T0132,C036,M004,2026-04-04T12:25:00.000Z,2807.98,Purchase,Grocery,City_18,WA,Online,Credit,Customer_36,51,F,City_20,CA,Premium,Merchant_4,City_3,TX,Medium,1,1,0,12,0,1,0,65,Yes,High,"High Amount, Location Mismatch"
T0616,C036,M013,2026-04-04T20:49:00.000Z,978.24,Purchase,Retail,City_16,NY,POS,Debit,Customer_36,51,F,City_20,CA,Premium,Merchant_13,City_12,NY,High,0,1,1,20,0,1,0,40,No,Medium,"Location Mismatch, High Risk Merchant"
T0353,C037,M013,2026-04-05T00:56:00.000Z,1607.71,Purchase,Retail,City_13,NY,Online,Debit,Customer_37,26,F,City_11,WA,Premium,Merchant_13,City_12,NY,High,0,1,1,0,1,1,0,50,Yes,High,"Location Mismatch, High Risk Merchant, Night Transaction"
T0734,C037,M009,2026-04-07T01:37:00.000Z,3604.88,Purchase,Luxury,City_9,TX,Online,Credit,Customer_37,26,F,City_11,WA,Premium,Merchant_9,City_12,IL,High,1,1,1,1,1,1,0,90,Yes,High,"High Amount, Location Mismatch, High Risk Merchant, Night Transaction"
T0678,C037,M026,2026-04-03T04:19:00.000Z,2497.02,Purchase,Retail,City_1,IL,POS,Credit,Customer_37,26,F,City_11,WA,Premium,Merchant_26,City_17,FL,Low,1,1,0,4,1,1,0,75,Yes,High,"High Amount, Location Mismatch, Night Transaction"
T0866,C037,M016,2026-04-03T09:54:00.000Z,1429.97,Purchase,Retail,City_13,CA,Online,Debit,Customer_37,26,F,City_11,WA,Premium,Merchant_16,City_5,CA,Medium,0,1,0,9,0,2,0,25,No,Medium,Location Mismatch
T0590,C037,M003,2026-04-04T09:54:00.000Z,4414.16,Purchase,Online,City_20,FL,POS,Debit,Customer_37,26,F,City_11,WA,Premium,Merchant_3,City_3,TX,Low,1,1,0,9,0,2,0,65,Yes,High,"High Amount, Location Mismatch"
T0383,C037,M022,2026-04-04T17:39:00.000Z,1592.19,Purchase,Online,City_18,CA,Online,Credit,Customer_37,26,F,City_11,WA,Premium,Merchant_22,City_1,TX,Medium,0,1,0,17,0,1,0,25,No,Medium,Location Mismatch
T0621,C037,M017,2026-04-01T22:39:00.000Z,1984.98,Purchase,Travel,City_16,CA,POS,Debit,Customer_37,26,F,City_11,WA,Premium,Merchant_17,City_1,FL,Low,0,1,0,22,0,1,0,25,No,Medium,Location Mismatch
T0043,C038,M010,2026-04-01T07:35:00.000Z,3169.02,Purchase,Grocery,City_1,WA,POS,Debit,Customer_38,23,F,City_16,CA,Standard,Merchant_10,City_4,NY,Low,1,1,0,7,0,2,0,65,Yes,High,"High Amount, Location Mismatch"
T0856,C038,M012,2026-04-02T07:13:00.000Z,137.02,Purchase,Grocery,City_3,FL,POS,Credit,Customer_38,23,F,City_16,CA,Standard,Merchant_12,City_2,WA,High,0,1,1,7,0,2,0,40,No,Medium,"Location Mismatch, High Risk Merchant"
T0774,C038,M029,2026-04-05T10:24:00.000Z,3692.94,Purchase,Travel,City_13,FL,POS,Debit,Customer_38,23,F,City_16,CA,Standard,Merchant_29,City_3,IL,Low,1,1,0,10,0,1,0,65,Yes,High,"High Amount, Location Mismatch"
T0855,C038,M025,2026-04-07T11:52:00.000Z,2342.36,Purchase,Retail,City_10,IL,POS,Credit,Customer_38,23,F,City_16,CA,Standard,Merchant_25,City_5,CA,Medium,1,1,0,11,0,1,0,65,Yes,High,"High Amount, Location Mismatch"
T0009,C038,M016,2026-04-06T16:00:00.000Z,2513.38,Purchase,Retail,City_7,NY,POS,Credit,Customer_38,23,F,City_16,CA,Standard,Merchant_16,City_5,CA,Medium,1,1,0,16,0,1,0,65,Yes,High,"High Amount, Location Mismatch"
T0793,C038,M009,2026-04-05T21:28:00.000Z,4607.96,Purchase,Luxury,City_7,IL,POS,Debit,Customer_38,23,F,City_16,CA,Standard,Merchant_9,City_12,IL,High,1,1,1,21,0,1,0,80,Yes,High,"High Amount, Location Mismatch, High Risk Merchant"
T0727,C039,M012,2026-04-04T05:45:00.000Z,3390.64,Purchase,Grocery,City_18,TX,POS,Credit,Customer_39,25,F,City_7,CA,Premium,Merchant_12,City_2,WA,High,1,1,1,5,1,1,0,90,Yes,High,"High Amount, Location Mismatch, High Risk Merchant, Night Transaction"
T0115,C039,M004,2026-04-01T07:37:00.000Z,4682.08,Purchase,Grocery,City_7,TX,Online,Credit,Customer_39,25,F,City_7,CA,Premium,Merchant_4,City_3,TX,Medium,1,1,0,7,0,1,0,65,Yes,High,"High Amount, Location Mismatch"
T0613,C039,M011,2026-04-05T09:13:00.000Z,692.41,Purchase,Luxury,City_15,TX,POS,Credit,Customer_39,25,F,City_7,CA,Premium,Merchant_11,City_20,IL,High,0,1,1,9,0,1,0,40,No,Medium,"Location Mismatch, High Risk Merchant"
T0123,C039,M002,2026-04-05T13:52:00.000Z,2422.07,Purchase,Luxury,City_15,IL,Online,Credit,Customer_39,25,F,City_7,CA,Premium,Merchant_2,City_11,CA,High,1,1,1,13,0,1,0,80,Yes,High,"High Amount, Location Mismatch, High Risk Merchant"
T0700,C039,M018,2026-04-05T14:15:00.000Z,3283.71,Purchase,Electronics,City_7,CA,Online,Debit,Customer_39,25,F,City_7,CA,Premium,Merchant_18,City_1,IL,High,1,0,1,14,0,1,0,55,Yes,High,"High Amount, High Risk Merchant"
T0178,C039,M023,2026-04-03T16:53:00.000Z,2518.54,Purchase,Retail,City_3,TX,Online,Credit,Customer_39,25,F,City_7,CA,Premium,Merchant_23,City_15,TX,High,1,1,1,16,0,1,0,80,Yes,High,"High Amount, Location Mismatch, High Risk Merchant"
T0913,C039,M005,2026-04-07T18:13:00.000Z,936.16,Purchase,Luxury,City_18,CA,Online,Debit,Customer_39,25,F,City_7,CA,Premium,Merchant_5,City_17,IL,High,0,0,1,18,0,1,0,15,No,Low,High Risk Merchant
T0608,C039,M017,2026-04-02T21:55:00.000Z,3972.44,Purchase,Travel,City_7,TX,Online,Debit,Customer_39,25,F,City_7,CA,Premium,Merchant_17,City_1,FL,Low,1,1,0,21,0,1,0,65,Yes,High,"High Amount, Location Mismatch"
T0376,C040,M024,2026-04-02T02:48:00.000Z,448.67,Purchase,Electronics,City_10,WA,POS,Debit,Customer_40,32,F,City_3,CA,Premium,Merchant_24,City_6,FL,High,0,1,1,2,1,1,0,50,Yes,High,"Location Mismatch, High Risk Merchant, Night Transaction"
T0833,C040,M018,2026-04-07T04:44:00.000Z,4956.12,Purchase,Electronics,City_19,WA,POS,Debit,Customer_40,32,F,City_3,CA,Premium,Merchant_18,City_1,IL,High,1,1,1,4,1,1,0,90,Yes,High,"High Amount, Location Mismatch, High Risk Merchant, Night Transaction"
T0609,C040,M030,2026-04-07T13:35:00.000Z,2628.27,Purchase,Luxury,City_3,WA,Online,Credit,Customer_40,32,F,City_3,CA,Premium,Merchant_30,City_7,TX,Medium,1,1,0,13,0,1,0,65,Yes,High,"High Amount, Location Mismatch"
T0006,C040,M021,2026-04-03T16:59:00.000Z,3592.05,Purchase,Electronics,City_12,NY,POS,Debit,Customer_40,32,F,City_3,CA,Premium,Merchant_21,City_16,TX,Low,1,1,0,16,0,1,0,65,Yes,High,"High Amount, Location Mismatch"
T0092,C040,M003,2026-04-02T17:31:00.000Z,1969.65,Purchase,Online,City_17,TX,POS,Debit,Customer_40,32,F,City_3,CA,Premium,Merchant_3,City_3,TX,Low,0,1,0,17,0,2,0,25,No,Medium,Location Mismatch
T0386,C040,M017,2026-04-06T17:08:00.000Z,3280.28,Purchase,Travel,City_13,IL,Online,Debit,Customer_40,32,F,City_3,CA,Premium,Merchant_17,City_1,FL,Low,1,1,0,17,0,2,0,65,Yes,High,"High Amount, Location Mismatch"
T0589,C040,M020,2026-04-03T18:30:00.000Z,4410.39,Purchase,Travel,City_7,TX,Online,Credit,Customer_40,32,F,City_3,CA,Premium,Merchant_20,City_13,TX,Medium,1,1,0,18,0,1,0,65,Yes,High,"High Amount, Location Mismatch"
T0359,C040,M023,2026-04-04T19:48:00.000Z,1554.33,Purchase,Retail,City_9,WA,POS,Credit,Customer_40,32,F,City_3,CA,Premium,Merchant_23,City_15,TX,High,0,1,1,19,0,1,0,40,No,Medium,"Location Mismatch, High Risk Merchant"
T0378,C040,M025,2026-04-04T22:26:00.000Z,4740.66,Purchase,Retail,City_5,CA,POS,Debit,Customer_40,32,F,City_3,CA,Premium,Merchant_25,City_5,CA,Medium,1,0,0,22,0,1,0,40,No,Medium,High Amount
T0462,C041,M029,2026-04-04T01:15:00.000Z,1239.44,Purchase,Travel,City_1,TX,Online,Credit,Customer_41,54,F,City_17,IL,Premium,Merchant_29,City_3,IL,Low,0,1,0,1,1,3,1,55,Yes,High,"Location Mismatch, Night Transaction, Rapid Repeat"
T0663,C041,M029,2026-04-01T01:25:00.000Z,1004.82,Purchase,Travel,City_16,IL,POS,Debit,Customer_41,54,F,City_17,IL,Premium,Merchant_29,City_3,IL,Low,0,0,0,1,1,3,1,30,No,Medium,"Night Transaction, Rapid Repeat"
T0367,C041,M015,2026-04-03T01:02:00.000Z,1495.77,Purchase,Electronics,City_10,NY,POS,Credit,Customer_41,54,F,City_17,IL,Premium,Merchant_15,City_16,FL,Medium,0,1,0,1,1,3,1,55,Yes,High,"Location Mismatch, Night Transaction, Rapid Repeat"
T0262,C041,M004,2026-04-01T03:49:00.000Z,30.43,Purchase,Grocery,City_11,NY,Online,Debit,Customer_41,54,F,City_17,IL,Premium,Merchant_4,City_3,TX,Medium,0,1,0,3,1,3,1,55,Yes,High,"Location Mismatch, Night Transaction, Rapid Repeat"
T0326,C041,M015,2026-04-06T03:24:00.000Z,1063.15,Purchase,Electronics,City_10,CA,Online,Debit,Customer_41,54,F,City_17,IL,Premium,Merchant_15,City_16,FL,Medium,0,1,0,3,1,3,1,55,Yes,High,"Location Mismatch, Night Transaction, Rapid Repeat"
T0736,C041,M028,2026-04-02T03:46:00.000Z,3386.66,Purchase,Grocery,City_16,WA,POS,Credit,Customer_41,54,F,City_17,IL,Premium,Merchant_28,City_3,IL,High,1,1,1,3,1,3,1,110,Yes,High,"High Amount, Location Mismatch, High Risk Merchant, Night Transaction, Rapid Repeat"
T0850,C041,M029,2026-04-01T04:12:00.000Z,2103.46,Purchase,Travel,City_17,FL,Online,Debit,Customer_41,54,F,City_17,IL,Premium,Merchant_29,City_3,IL,Low,1,1,0,4,1,3,1,95,Yes,High,"High Amount, Location Mismatch, Night Transaction, Rapid Repeat"
T0845,C041,M022,2026-04-02T04:36:00.000Z,706.66,Purchase,Online,City_11,IL,Online,Credit,Customer_41,54,F,City_17,IL,Premium,Merchant_22,City_1,TX,Medium,0,0,0,4,1,3,1,30,No,Medium,"Night Transaction, Rapid Repeat"
T0007,C041,M029,2026-04-06T04:34:00.000Z,1993.48,Purchase,Travel,City_20,WA,Online,Credit,Customer_41,54,F,City_17,IL,Premium,Merchant_29,City_3,IL,Low,0,1,0,4,1,3,1,55,Yes,High,"Location Mismatch, Night Transaction, Rapid Repeat"
T0134,C041,M004,2026-04-04T12:50:00.000Z,2311.57,Purchase,Grocery,City_15,TX,Online,Credit,Customer_41,54,F,City_17,IL,Premium,Merchant_4,City_3,TX,Medium,1,1,0,12,0,2,0,65,Yes,High,"High Amount, Location Mismatch"
T0803,C041,M016,2026-04-02T12:45:00.000Z,1255.23,Purchase,Retail,City_17,FL,Online,Credit,Customer_41,54,F,City_17,IL,Premium,Merchant_16,City_5,CA,Medium,0,1,0,12,0,2,0,25,No,Medium,Location Mismatch
T0661,C041,M017,2026-04-06T15:00:00.000Z,1980.58,Purchase,Travel,City_16,TX,Online,Credit,Customer_41,54,F,City_17,IL,Premium,Merchant_17,City_1,FL,Low,0,1,0,15,0,1,0,25,No,Medium,Location Mismatch
T0837,C041,M021,2026-04-06T17:01:00.000Z,685.27,Purchase,Electronics,City_11,TX,Online,Credit,Customer_41,54,F,City_17,IL,Premium,Merchant_21,City_16,TX,Low,0,1,0,17,0,1,0,25,No,Medium,Location Mismatch
T0274,C041,M030,2026-04-07T19:34:00.000Z,1825.26,Purchase,Luxury,City_18,CA,POS,Debit,Customer_41,54,F,City_17,IL,Premium,Merchant_30,City_7,TX,Medium,0,1,0,19,0,1,0,25,No,Medium,Location Mismatch
T0033,C041,M010,2026-04-04T23:40:00.000Z,4074.57,Purchase,Grocery,City_19,CA,Online,Credit,Customer_41,54,F,City_17,IL,Premium,Merchant_10,City_4,NY,Low,1,1,0,23,0,1,0,65,Yes,High,"High Amount, Location Mismatch"
T0480,C042,M003,2026-04-05T00:06:00.000Z,3055.6,Purchase,Online,City_4,IL,POS,Credit,Customer_42,26,M,City_9,CA,Premium,Merchant_3,City_3,TX,Low,1,1,0,0,1,1,0,75,Yes,High,"High Amount, Location Mismatch, Night Transaction"
T0300,C042,M024,2026-04-01T02:03:00.000Z,3203.2,Purchase,Electronics,City_4,TX,POS,Debit,Customer_42,26,M,City_9,CA,Premium,Merchant_24,City_6,FL,High,1,1,1,2,1,1,0,90,Yes,High,"High Amount, Location Mismatch, High Risk Merchant, Night Transaction"
T0243,C042,M017,2026-04-05T03:55:00.000Z,921.11,Purchase,Travel,City_2,WA,POS,Credit,Customer_42,26,M,City_9,CA,Premium,Merchant_17,City_1,FL,Low,0,1,0,3,1,1,0,35,No,Medium,"Location Mismatch, Night Transaction"
T0717,C042,M004,2026-04-06T07:32:00.000Z,1263.23,Purchase,Grocery,City_14,NY,Online,Debit,Customer_42,26,M,City_9,CA,Premium,Merchant_4,City_3,TX,Medium,0,1,0,7,0,1,0,25,No,Medium,Location Mismatch
T0050,C042,M028,2026-04-05T09:31:00.000Z,4898.33,Purchase,Grocery,City_14,NY,POS,Debit,Customer_42,26,M,City_9,CA,Premium,Merchant_28,City_3,IL,High,1,1,1,9,0,1,0,80,Yes,High,"High Amount, Location Mismatch, High Risk Merchant"
T0565,C042,M001,2026-04-01T10:49:00.000Z,2006.63,Purchase,Luxury,City_20,CA,POS,Credit,Customer_42,26,M,City_9,CA,Premium,Merchant_1,City_16,WA,Medium,1,0,0,10,0,1,0,40,No,Medium,High Amount
T0605,C042,M003,2026-04-06T12:08:00.000Z,1226.64,Purchase,Online,City_5,NY,POS,Debit,Customer_42,26,M,City_9,CA,Premium,Merchant_3,City_3,TX,Low,0,1,0,12,0,1,0,25,No,Medium,Location Mismatch
T0273,C042,M007,2026-04-01T14:33:00.000Z,1255.22,Purchase,Retail,City_12,WA,POS,Credit,Customer_42,26,M,City_9,CA,Premium,Merchant_7,City_10,FL,High,0,1,1,14,0,1,0,40,No,Medium,"Location Mismatch, High Risk Merchant"
T0953,C043,M005,2026-04-01T01:19:00.000Z,4575.43,Purchase,Luxury,City_7,FL,Online,Credit,Customer_43,43,M,City_15,CA,Standard,Merchant_5,City_17,IL,High,1,1,1,1,1,1,0,90,Yes,High,"High Amount, Location Mismatch, High Risk Merchant, Night Transaction"
T0657,C043,M020,2026-04-05T02:00:00.000Z,2551.67,Purchase,Travel,City_3,TX,Online,Credit,Customer_43,43,M,City_15,CA,Standard,Merchant_20,City_13,TX,Medium,1,1,0,2,1,1,0,75,Yes,High,"High Amount, Location Mismatch, Night Transaction"
T0319,C043,M015,2026-04-01T04:57:00.000Z,2449.08,Purchase,Electronics,City_15,NY,POS,Debit,Customer_43,43,M,City_15,CA,Standard,Merchant_15,City_16,FL,Medium,1,1,0,4,1,1,0,75,Yes,High,"High Amount, Location Mismatch, Night Transaction"
T0168,C043,M003,2026-04-05T05:11:00.000Z,18.35,Purchase,Online,City_17,CA,Online,Debit,Customer_43,43,M,City_15,CA,Standard,Merchant_3,City_3,TX,Low,0,0,0,5,1,1,0,10,No,Low,Night Transaction
T0466,C043,M010,2026-04-06T11:23:00.000Z,792.84,Purchase,Grocery,City_8,TX,Online,Debit,Customer_43,43,M,City_15,CA,Standard,Merchant_10,City_4,NY,Low,0,1,0,11,0,2,0,25,No,Medium,Location Mismatch
T0673,C043,M022,2026-04-03T11:46:00.000Z,3980.5,Purchase,Online,City_15,NY,POS,Debit,Customer_43,43,M,City_15,CA,Standard,Merchant_22,City_1,TX,Medium,1,1,0,11,0,2,0,65,Yes,High,"High Amount, Location Mismatch"
T0615,C043,M009,2026-04-01T15:23:00.000Z,3984.12,Purchase,Luxury,City_5,NY,POS,Debit,Customer_43,43,M,City_15,CA,Standard,Merchant_9,City_12,IL,High,1,1,1,15,0,1,0,80,Yes,High,"High Amount, Location Mismatch, High Risk Merchant"
T0723,C043,M012,2026-04-04T16:37:00.000Z,1967.32,Purchase,Grocery,City_10,CA,Online,Credit,Customer_43,43,M,City_15,CA,Standard,Merchant_12,City_2,WA,High,0,0,1,16,0,1,0,15,No,Low,High Risk Merchant
T0054,C043,M007,2026-04-07T18:09:00.000Z,1995.72,Purchase,Retail,City_10,CA,Online,Debit,Customer_43,43,M,City_15,CA,Standard,Merchant_7,City_10,FL,High,0,0,1,18,0,1,0,15,No,Low,High Risk Merchant
T0327,C043,M015,2026-04-01T19:30:00.000Z,4996.76,Purchase,Electronics,City_3,IL,POS,Debit,Customer_43,43,M,City_15,CA,Standard,Merchant_15,City_16,FL,Medium,1,1,0,19,0,1,0,65,Yes,High,"High Amount, Location Mismatch"
T0876,C043,M009,2026-04-06T23:19:00.000Z,4710.04,Purchase,Luxury,City_4,TX,POS,Credit,Customer_43,43,M,City_15,CA,Standard,Merchant_9,City_12,IL,High,1,1,1,23,0,3,1,100,Yes,High,"High Amount, Location Mismatch, High Risk Merchant, Rapid Repeat"
T0294,C043,M002,2026-04-06T23:56:00.000Z,4697.32,Purchase,Luxury,City_4,TX,Online,Debit,Customer_43,43,M,City_15,CA,Standard,Merchant_2,City_11,CA,High,1,1,1,23,0,3,1,100,Yes,High,"High Amount, Location Mismatch, High Risk Merchant, Rapid Repeat"
T0284,C043,M021,2026-04-01T23:52:00.000Z,4691.23,Purchase,Electronics,City_6,WA,Online,Debit,Customer_43,43,M,City_15,CA,Standard,Merchant_21,City_16,TX,Low,1,1,0,23,0,3,1,85,Yes,High,"High Amount, Location Mismatch, Rapid Repeat"
T0638,C044,M014,2026-04-02T01:05:00.000Z,2368.31,Purchase,Grocery,City_8,IL,Online,Credit,Customer_44,65,M,City_6,FL,Standard,Merchant_14,City_8,CA,High,1,1,1,1,1,1,0,90,Yes,High,"High Amount, Location Mismatch, High Risk Merchant, Night Transaction"
T0631,C044,M010,2026-04-04T05:15:00.000Z,3395.38,Purchase,Grocery,City_7,TX,POS,Debit,Customer_44,65,M,City_6,FL,Standard,Merchant_10,City_4,NY,Low,1,1,0,5,1,1,0,75,Yes,High,"High Amount, Location Mismatch, Night Transaction"
T0600,C044,M018,2026-04-03T08:13:00.000Z,3790.73,Purchase,Electronics,City_12,NY,Online,Credit,Customer_44,65,M,City_6,FL,Standard,Merchant_18,City_1,IL,High,1,1,1,8,0,1,0,80,Yes,High,"High Amount, Location Mismatch, High Risk Merchant"
T0149,C044,M013,2026-04-02T11:32:00.000Z,149.9,Purchase,Retail,City_5,FL,Online,Debit,Customer_44,65,M,City_6,FL,Standard,Merchant_13,City_12,NY,High,0,0,1,11,0,1,0,15,No,Low,High Risk Merchant
T0140,C044,M028,2026-04-04T12:49:00.000Z,228.84,Purchase,Grocery,City_11,WA,Online,Debit,Customer_44,65,M,City_6,FL,Standard,Merchant_28,City_3,IL,High,0,1,1,12,0,1,0,40,No,Medium,"Location Mismatch, High Risk Merchant"
T0818,C044,M018,2026-04-05T13:46:00.000Z,1887.04,Purchase,Electronics,City_5,WA,Online,Debit,Customer_44,65,M,City_6,FL,Standard,Merchant_18,City_1,IL,High,0,1,1,13,0,1,0,40,No,Medium,"Location Mismatch, High Risk Merchant"
T0161,C044,M008,2026-04-05T15:01:00.000Z,2706.12,Purchase,Travel,City_2,FL,Online,Debit,Customer_44,65,M,City_6,FL,Standard,Merchant_8,City_13,IL,Medium,1,0,0,15,0,1,0,40,No,Medium,High Amount
T0594,C044,M023,2026-04-03T20:02:00.000Z,1012.02,Purchase,Retail,City_18,IL,POS,Debit,Customer_44,65,M,City_6,FL,Standard,Merchant_23,City_15,TX,High,0,1,1,20,0,1,0,40,No,Medium,"Location Mismatch, High Risk Merchant"
T0230,C044,M022,2026-04-01T22:06:00.000Z,1491.82,Purchase,Online,City_11,IL,Online,Credit,Customer_44,65,M,City_6,FL,Standard,Merchant_22,City_1,TX,Medium,0,1,0,22,0,1,0,25,No,Medium,Location Mismatch
T0066,C045,M025,2026-04-01T02:37:00.000Z,1754.56,Purchase,Retail,City_11,CA,POS,Credit,Customer_45,55,M,City_4,NY,Standard,Merchant_25,City_5,CA,Medium,0,1,0,2,1,1,0,35,No,Medium,"Location Mismatch, Night Transaction"
T0047,C045,M020,2026-04-01T06:13:00.000Z,3056.33,Purchase,Travel,City_10,FL,Online,Credit,Customer_45,55,M,City_4,NY,Standard,Merchant_20,City_13,TX,Medium,1,1,0,6,0,1,0,65,Yes,High,"High Amount, Location Mismatch"
T0026,C045,M028,2026-04-04T07:30:00.000Z,3708.0,Purchase,Grocery,City_16,TX,POS,Debit,Customer_45,55,M,City_4,NY,Standard,Merchant_28,City_3,IL,High,1,1,1,7,0,1,0,80,Yes,High,"High Amount, Location Mismatch, High Risk Merchant"
T0325,C045,M023,2026-04-03T10:19:00.000Z,188.69,Purchase,Retail,City_2,IL,Online,Debit,Customer_45,55,M,City_4,NY,Standard,Merchant_23,City_15,TX,High,0,1,1,10,0,1,0,40,No,Medium,"Location Mismatch, High Risk Merchant"
T0658,C045,M020,2026-04-02T14:54:00.000Z,1803.98,Purchase,Travel,City_11,TX,Online,Debit,Customer_45,55,M,City_4,NY,Standard,Merchant_20,City_13,TX,Medium,0,1,0,14,0,1,0,25,No,Medium,Location Mismatch
T0091,C045,M022,2026-04-02T16:01:00.000Z,4702.93,Purchase,Online,City_8,CA,Online,Credit,Customer_45,55,M,City_4,NY,Standard,Merchant_22,City_1,TX,Medium,1,1,0,16,0,1,0,65,Yes,High,"High Amount, Location Mismatch"
T0523,C045,M027,2026-04-01T23:40:00.000Z,911.44,Purchase,Online,City_12,FL,POS,Credit,Customer_45,55,M,City_4,NY,Standard,Merchant_27,City_12,CA,High,0,1,1,23,0,1,0,40,No,Medium,"Location Mismatch, High Risk Merchant"
T0794,C046,M021,2026-04-07T01:37:00.000Z,3040.08,Purchase,Electronics,City_3,IL,POS,Credit,Customer_46,53,F,City_6,WA,Premium,Merchant_21,City_16,TX,Low,1,1,0,1,1,1,0,75,Yes,High,"High Amount, Location Mismatch, Night Transaction"
T0249,C046,M014,2026-04-07T03:31:00.000Z,3697.19,Purchase,Grocery,City_15,WA,POS,Credit,Customer_46,53,F,City_6,WA,Premium,Merchant_14,City_8,CA,High,1,0,1,3,1,1,0,65,Yes,High,"High Amount, High Risk Merchant, Night Transaction"
T0932,C046,M006,2026-04-03T08:23:00.000Z,376.58,Purchase,Electronics,City_15,FL,Online,Debit,Customer_46,53,F,City_6,WA,Premium,Merchant_6,City_18,WA,High,0,1,1,8,0,1,0,40,No,Medium,"Location Mismatch, High Risk Merchant"
T0651,C046,M010,2026-04-06T12:41:00.000Z,2726.94,Purchase,Grocery,City_18,NY,POS,Credit,Customer_46,53,F,City_6,WA,Premium,Merchant_10,City_4,NY,Low,1,1,0,12,0,1,0,65,Yes,High,"High Amount, Location Mismatch"
T0650,C046,M024,2026-04-05T13:14:00.000Z,323.13,Purchase,Electronics,City_20,WA,Online,Debit,Customer_46,53,F,City_6,WA,Premium,Merchant_24,City_6,FL,High,0,0,1,13,0,2,0,15,No,Low,High Risk Merchant
T0113,C046,M008,2026-04-05T13:29:00.000Z,65.82,Purchase,Travel,City_4,WA,Online,Debit,Customer_46,53,F,City_6,WA,Premium,Merchant_8,City_13,IL,Medium,0,0,0,13,0,2,0,0,No,Low,""
T0985,C046,M028,2026-04-05T17:19:00.000Z,3316.85,Purchase,Grocery,City_15,CA,Online,Credit,Customer_46,53,F,City_6,WA,Premium,Merchant_28,City_3,IL,High,1,1,1,17,0,1,0,80,Yes,High,"High Amount, Location Mismatch, High Risk Merchant"
T0875,C046,M002,2026-04-01T19:26:00.000Z,254.07,Purchase,Luxury,City_11,IL,Online,Debit,Customer_46,53,F,City_6,WA,Premium,Merchant_2,City_11,CA,High,0,1,1,19,0,1,0,40,No,Medium,"Location Mismatch, High Risk Merchant"
T0797,C046,M007,2026-04-05T21:49:00.000Z,987.58,Purchase,Retail,City_1,WA,POS,Debit,Customer_46,53,F,City_6,WA,Premium,Merchant_7,City_10,FL,High,0,0,1,21,0,1,0,15,No,Low,High Risk Merchant
T0544,C046,M030,2026-04-05T23:47:00.000Z,2751.68,Purchase,Luxury,City_1,IL,Online,Credit,Customer_46,53,F,City_6,WA,Premium,Merchant_30,City_7,TX,Medium,1,1,0,23,0,1,0,65,Yes,High,"High Amount, Location Mismatch"
T0163,C047,M019,2026-04-05T02:27:00.000Z,1464.8,Purchase,Luxury,City_12,NY,POS,Debit,Customer_47,42,M,City_9,TX,Premium,Merchant_19,City_10,CA,Low,0,1,0,2,1,1,0,35,No,Medium,"Location Mismatch, Night Transaction"
T0228,C047,M017,2026-04-05T03:11:00.000Z,4350.78,Purchase,Travel,City_2,WA,POS,Credit,Customer_47,42,M,City_9,TX,Premium,Merchant_17,City_1,FL,Low,1,1,0,3,1,3,1,95,Yes,High,"High Amount, Location Mismatch, Night Transaction, Rapid Repeat"
T0898,C047,M024,2026-04-05T03:50:00.000Z,3499.18,Purchase,Electronics,City_1,CA,POS,Credit,Customer_47,42,M,City_9,TX,Premium,Merchant_24,City_6,FL,High,1,1,1,3,1,3,1,110,Yes,High,"High Amount, Location Mismatch, High Risk Merchant, Night Transaction, Rapid Repeat"
T0355,C047,M010,2026-04-05T03:13:00.000Z,2325.06,Purchase,Grocery,City_3,CA,POS,Debit,Customer_47,42,M,City_9,TX,Premium,Merchant_10,City_4,NY,Low,1,1,0,3,1,3,1,95,Yes,High,"High Amount, Location Mismatch, Night Transaction, Rapid Repeat"
T0620,C047,M025,2026-04-01T05:32:00.000Z,3747.66,Purchase,Retail,City_19,IL,Online,Debit,Customer_47,42,M,City_9,TX,Premium,Merchant_25,City_5,CA,Medium,1,1,0,5,1,1,0,75,Yes,High,"High Amount, Location Mismatch, Night Transaction"
T0577,C047,M019,2026-04-02T11:47:00.000Z,473.89,Purchase,Luxury,City_14,FL,POS,Debit,Customer_47,42,M,City_9,TX,Premium,Merchant_19,City_10,CA,Low,0,1,0,11,0,1,0,25,No,Medium,Location Mismatch
T0381,C047,M025,2026-04-06T12:49:00.000Z,1614.37,Purchase,Retail,City_7,FL,POS,Credit,Customer_47,42,M,City_9,TX,Premium,Merchant_25,City_5,CA,Medium,0,1,0,12,0,1,0,25,No,Medium,Location Mismatch
T0472,C047,M014,2026-04-01T14:58:00.000Z,971.03,Purchase,Grocery,City_7,IL,POS,Debit,Customer_47,42,M,City_9,TX,Premium,Merchant_14,City_8,CA,High,0,1,1,14,0,1,0,40,No,Medium,"Location Mismatch, High Risk Merchant"
T0097,C047,M021,2026-04-04T15:54:00.000Z,4906.42,Purchase,Electronics,City_18,WA,POS,Credit,Customer_47,42,M,City_9,TX,Premium,Merchant_21,City_16,TX,Low,1,1,0,15,0,1,0,65,Yes,High,"High Amount, Location Mismatch"
T0210,C047,M021,2026-04-01T19:29:00.000Z,2430.84,Purchase,Electronics,City_19,FL,POS,Credit,Customer_47,42,M,City_9,TX,Premium,Merchant_21,City_16,TX,Low,1,1,0,19,0,1,0,65,Yes,High,"High Amount, Location Mismatch"
T0832,C047,M001,2026-04-04T20:00:00.000Z,1614.13,Purchase,Luxury,City_14,CA,Online,Credit,Customer_47,42,M,City_9,TX,Premium,Merchant_1,City_16,WA,Medium,0,1,0,20,0,1,0,25,No,Medium,Location Mismatch
T0085,C047,M004,2026-04-06T23:44:00.000Z,4280.32,Purchase,Grocery,City_6,NY,Online,Debit,Customer_47,42,M,City_9,TX,Premium,Merchant_4,City_3,TX,Medium,1,1,0,23,0,1,0,65,Yes,High,"High Amount, Location Mismatch"
T0069,C048,M003,2026-04-05T02:30:00.000Z,1183.0,Purchase,Online,City_16,WA,Online,Credit,Customer_48,36,F,City_12,FL,Premium,Merchant_3,City_3,TX,Low,0,1,0,2,1,1,0,35,No,Medium,"Location Mismatch, Night Transaction"
T0520,C048,M020,2026-04-03T06:36:00.000Z,3589.47,Purchase,Travel,City_3,FL,Online,Credit,Customer_48,36,F,City_12,FL,Premium,Merchant_20,City_13,TX,Medium,1,0,0,6,0,1,0,40,No,Medium,High Amount
T0256,C048,M028,2026-04-02T10:32:00.000Z,526.35,Purchase,Grocery,City_17,WA,Online,Debit,Customer_48,36,F,City_12,FL,Premium,Merchant_28,City_3,IL,High,0,1,1,10,0,1,0,40,No,Medium,"Location Mismatch, High Risk Merchant"
T0053,C048,M005,2026-04-04T14:02:00.000Z,3942.62,Purchase,Luxury,City_12,CA,Online,Debit,Customer_48,36,F,City_12,FL,Premium,Merchant_5,City_17,IL,High,1,1,1,14,0,1,0,80,Yes,High,"High Amount, Location Mismatch, High Risk Merchant"
T0598,C048,M014,2026-04-06T15:03:00.000Z,3523.28,Purchase,Grocery,City_6,WA,Online,Debit,Customer_48,36,F,City_12,FL,Premium,Merchant_14,City_8,CA,High,1,1,1,15,0,2,0,80,Yes,High,"High Amount, Location Mismatch, High Risk Merchant"
T0125,C048,M007,2026-04-04T15:03:00.000Z,3280.28,Purchase,Retail,City_18,WA,POS,Credit,Customer_48,36,F,City_12,FL,Premium,Merchant_7,City_10,FL,High,1,1,1,15,0,2,0,80,Yes,High,"High Amount, Location Mismatch, High Risk Merchant"
T0561,C048,M012,2026-04-01T17:16:00.000Z,1453.51,Purchase,Grocery,City_3,CA,Online,Credit,Customer_48,36,F,City_12,FL,Premium,Merchant_12,City_2,WA,High,0,1,1,17,0,1,0,40,No,Medium,"Location Mismatch, High Risk Merchant"
T0501,C048,M013,2026-04-07T18:37:00.000Z,4439.57,Purchase,Retail,City_8,WA,Online,Credit,Customer_48,36,F,City_12,FL,Premium,Merchant_13,City_12,NY,High,1,1,1,18,0,1,0,80,Yes,High,"High Amount, Location Mismatch, High Risk Merchant"
T0672,C048,M022,2026-04-01T21:14:00.000Z,1472.91,Purchase,Online,City_14,WA,Online,Debit,Customer_48,36,F,City_12,FL,Premium,Merchant_22,City_1,TX,Medium,0,1,0,21,0,1,0,25,No,Medium,Location Mismatch
T0555,C048,M013,2026-04-07T22:22:00.000Z,4181.74,Purchase,Retail,City_7,FL,POS,Debit,Customer_48,36,F,City_12,FL,Premium,Merchant_13,City_12,NY,High,1,0,1,22,0,1,0,55,Yes,High,"High Amount, High Risk Merchant"
T0862,C049,M011,2026-04-04T01:34:00.000Z,892.09,Purchase,Luxury,City_14,IL,POS,Debit,Customer_49,50,M,City_19,IL,Standard,Merchant_11,City_20,IL,High,0,0,1,1,1,1,0,25,No,Medium,"High Risk Merchant, Night Transaction"
T0507,C049,M027,2026-04-05T03:49:00.000Z,3582.87,Purchase,Online,City_4,CA,POS,Credit,Customer_49,50,M,City_19,IL,Standard,Merchant_27,City_12,CA,High,1,1,1,3,1,2,0,90,Yes,High,"High Amount, Location Mismatch, High Risk Merchant, Night Transaction"
T0654,C049,M023,2026-04-01T03:31:00.000Z,1550.24,Purchase,Retail,City_7,TX,Online,Credit,Customer_49,50,M,City_19,IL,Standard,Merchant_23,City_15,TX,High,0,1,1,3,1,2,0,50,Yes,High,"Location Mismatch, High Risk Merchant, Night Transaction"
T0470,C049,M025,2026-04-06T06:34:00.000Z,1174.52,Purchase,Retail,City_18,WA,POS,Debit,Customer_49,50,M,City_19,IL,Standard,Merchant_25,City_5,CA,Medium,0,1,0,6,0,1,0,25,No,Medium,Location Mismatch
T0428,C049,M005,2026-04-07T09:54:00.000Z,3022.4,Purchase,Luxury,City_11,CA,Online,Credit,Customer_49,50,M,City_19,IL,Standard,Merchant_5,City_17,IL,High,1,1,1,9,0,1,0,80,Yes,High,"High Amount, Location Mismatch, High Risk Merchant"
T0109,C049,M013,2026-04-02T10:38:00.000Z,2987.79,Purchase,Retail,City_9,TX,POS,Credit,Customer_49,50,M,City_19,IL,Standard,Merchant_13,City_12,NY,High,1,1,1,10,0,1,0,80,Yes,High,"High Amount, Location Mismatch, High Risk Merchant"
T0045,C049,M022,2026-04-02T11:56:00.000Z,2168.66,Purchase,Online,City_17,CA,POS,Debit,Customer_49,50,M,City_19,IL,Standard,Merchant_22,City_1,TX,Medium,1,1,0,11,0,1,0,65,Yes,High,"High Amount, Location Mismatch"
T0626,C049,M010,2026-04-07T13:08:00.000Z,3844.81,Purchase,Grocery,City_3,IL,POS,Credit,Customer_49,50,M,City_19,IL,Standard,Merchant_10,City_4,NY,Low,1,0,0,13,0,1,0,40,No,Medium,High Amount
T0040,C049,M020,2026-04-04T15:49:00.000Z,3387.82,Purchase,Travel,City_3,WA,Online,Credit,Customer_49,50,M,City_19,IL,Standard,Merchant_20,City_13,TX,Medium,1,1,0,15,0,1,0,65,Yes,High,"High Amount, Location Mismatch"
T0301,C049,M023,2026-04-05T19:34:00.000Z,4259.13,Purchase,Retail,City_1,CA,Online,Credit,Customer_49,50,M,City_19,IL,Standard,Merchant_23,City_15,TX,High,1,1,1,19,0,1,0,80,Yes,High,"High Amount, Location Mismatch, High Risk Merchant"
T0365,C049,M011,2026-04-07T21:54:00.000Z,3716.31,Purchase,Luxury,City_3,WA,Online,Credit,Customer_49,50,M,City_19,IL,Standard,Merchant_11,City_20,IL,High,1,1,1,21,0,1,0,80,Yes,High,"High Amount, Location Mismatch, High Risk Merchant"
T0505,C049,M003,2026-04-03T23:42:00.000Z,1817.24,Purchase,Online,City_14,TX,Online,Debit,Customer_49,50,M,City_19,IL,Standard,Merchant_3,City_3,TX,Low,0,1,0,23,0,1,0,25,No,Medium,Location Mismatch
T0573,C050,M025,2026-04-01T01:46:00.000Z,1005.69,Purchase,Retail,City_7,CA,Online,Credit,Customer_50,61,M,City_11,TX,Premium,Merchant_25,City_5,CA,Medium,0,1,0,1,1,1,0,35,No,Medium,"Location Mismatch, Night Transaction"
T0537,C050,M007,2026-04-04T02:21:00.000Z,3982.62,Purchase,Retail,City_4,FL,POS,Debit,Customer_50,61,M,City_11,TX,Premium,Merchant_7,City_10,FL,High,1,1,1,2,1,1,0,90,Yes,High,"High Amount, Location Mismatch, High Risk Merchant, Night Transaction"
T0244,C050,M019,2026-04-04T07:00:00.000Z,1218.04,Purchase,Luxury,City_12,IL,Online,Debit,Customer_50,61,M,City_11,TX,Premium,Merchant_19,City_10,CA,Low,0,1,0,7,0,1,0,25,No,Medium,Location Mismatch
T0498,C050,M024,2026-04-07T10:28:00.000Z,615.92,Purchase,Electronics,City_14,NY,POS,Debit,Customer_50,61,M,City_11,TX,Premium,Merchant_24,City_6,FL,High,0,1,1,10,0,1,0,40,No,Medium,"Location Mismatch, High Risk Merchant"
T0965,C050,M014,2026-04-02T11:24:00.000Z,4669.25,Purchase,Grocery,City_11,IL,Online,Credit,Customer_50,61,M,City_11,TX,Premium,Merchant_14,City_8,CA,High,1,1,1,11,0,2,0,80,Yes,High,"High Amount, Location Mismatch, High Risk Merchant"
T0477,C050,M009,2026-04-04T11:36:00.000Z,3021.26,Purchase,Luxury,City_13,NY,Online,Debit,Customer_50,61,M,City_11,TX,Premium,Merchant_9,City_12,IL,High,1,1,1,11,0,2,0,80,Yes,High,"High Amount, Location Mismatch, High Risk Merchant"
T0591,C050,M006,2026-04-01T16:48:00.000Z,3197.76,Purchase,Electronics,City_7,NY,Online,Debit,Customer_50,61,M,City_11,TX,Premium,Merchant_6,City_18,WA,High,1,1,1,16,0,1,0,80,Yes,High,"High Amount, Location Mismatch, High Risk Merchant"
T0349,C050,M014,2026-04-02T17:46:00.000Z,1966.83,Purchase,Grocery,City_11,CA,Online,Credit,Customer_50,61,M,City_11,TX,Premium,Merchant_14,City_8,CA,High,0,1,1,17,0,1,0,40,No,Medium,"Location Mismatch, High Risk Merchant"
T0194,C050,M026,2026-04-03T18:48:00.000Z,4856.47,Purchase,Retail,City_2,WA,Online,Debit,Customer_50,61,M,City_11,TX,Premium,Merchant_26,City_17,FL,Low,1,1,0,18,0,1,0,65,Yes,High,"High Amount, Location Mismatch"
T0909,C050,M024,2026-04-03T21:42:00.000Z,3462.58,Purchase,Electronics,City_2,NY,POS,Debit,Customer_50,61,M,City_11,TX,Premium,Merchant_24,City_6,FL,High,1,1,1,21,0,1,0,80,Yes,High,"High Amount, Location Mismatch, High Risk Merchant"
T0041,C050,M002,2026-04-01T22:43:00.000Z,4198.16,Purchase,Luxury,City_3,CA,POS,Credit,Customer_50,61,M,City_11,TX,Premium,Merchant_2,City_11,CA,High,1,1,1,22,0,1,0,80,Yes,High,"High Amount, Location Mismatch, High Risk Merchant"
T0810,C050,M010,2026-04-03T23:28:00.000Z,2783.2,Purchase,Grocery,City_4,IL,POS,Debit,Customer_50,61,M,City_11,TX,Premium,Merchant_10,City_4,NY,Low,1,1,0,23,0,1,0,65,Yes,High,"High Amount, Location Mismatch"
T0278,C051,M020,2026-04-01T02:44:00.000Z,1838.62,Purchase,Travel,City_6,FL,POS,Credit,Customer_51,35,F,City_3,NY,Standard,Merchant_20,City_13,TX,Medium,0,1,0,2,1,1,0,35,No,Medium,"Location Mismatch, Night Transaction"
T0440,C051,M015,2026-04-06T04:13:00.000Z,315.08,Purchase,Electronics,City_2,TX,POS,Debit,Customer_51,35,F,City_3,NY,Standard,Merchant_15,City_16,FL,Medium,0,1,0,4,1,2,0,35,No,Medium,"Location Mismatch, Night Transaction"
T0944,C051,M016,2026-04-02T04:35:00.000Z,1374.43,Purchase,Retail,City_8,FL,POS,Debit,Customer_51,35,F,City_3,NY,Standard,Merchant_16,City_5,CA,Medium,0,1,0,4,1,2,0,35,No,Medium,"Location Mismatch, Night Transaction"
T0788,C051,M018,2026-04-01T10:53:00.000Z,4718.21,Purchase,Electronics,City_16,TX,POS,Debit,Customer_51,35,F,City_3,NY,Standard,Merchant_18,City_1,IL,High,1,1,1,10,0,1,0,80,Yes,High,"High Amount, Location Mismatch, High Risk Merchant"
T0237,C051,M007,2026-04-06T11:24:00.000Z,3848.87,Purchase,Retail,City_4,CA,POS,Debit,Customer_51,35,F,City_3,NY,Standard,Merchant_7,City_10,FL,High,1,1,1,11,0,1,0,80,Yes,High,"High Amount, Location Mismatch, High Risk Merchant"
T0563,C051,M008,2026-04-06T12:43:00.000Z,1649.13,Purchase,Travel,City_5,FL,Online,Debit,Customer_51,35,F,City_3,NY,Standard,Merchant_8,City_13,IL,Medium,0,1,0,12,0,2,0,25,No,Medium,Location Mismatch
T0506,C051,M019,2026-04-06T12:39:00.000Z,1809.58,Purchase,Luxury,City_6,WA,POS,Credit,Customer_51,35,F,City_3,NY,Standard,Merchant_19,City_10,CA,Low,0,1,0,12,0,2,0,25,No,Medium,Location Mismatch
T0219,C051,M001,2026-04-06T20:11:00.000Z,704.2,Purchase,Luxury,City_11,TX,Online,Debit,Customer_51,35,F,City_3,NY,Standard,Merchant_1,City_16,WA,Medium,0,1,0,20,0,4,1,45,No,Medium,"Location Mismatch, Rapid Repeat"
T0732,C051,M001,2026-04-03T20:57:00.000Z,3143.24,Purchase,Luxury,City_9,CA,Online,Credit,Customer_51,35,F,City_3,NY,Standard,Merchant_1,City_16,WA,Medium,1,1,0,20,0,4,1,85,Yes,High,"High Amount, Location Mismatch, Rapid Repeat"
T0960,C051,M012,2026-04-07T20:52:00.000Z,2156.58,Purchase,Grocery,City_9,NY,POS,Credit,Customer_51,35,F,City_3,NY,Standard,Merchant_12,City_2,WA,High,1,0,1,20,0,4,1,75,Yes,High,"High Amount, High Risk Merchant, Rapid Repeat"
T0603,C051,M004,2026-04-05T20:20:00.000Z,4563.8,Purchase,Grocery,City_2,FL,POS,Credit,Customer_51,35,F,City_3,NY,Standard,Merchant_4,City_3,TX,Medium,1,1,0,20,0,4,1,85,Yes,High,"High Amount, Location Mismatch, Rapid Repeat"
T0930,C052,M003,2026-04-06T00:07:00.000Z,4245.94,Purchase,Online,City_16,FL,Online,Credit,Customer_52,37,F,City_2,NY,Standard,Merchant_3,City_3,TX,Low,1,1,0,0,1,1,0,75,Yes,High,"High Amount, Location Mismatch, Night Transaction"
T0457,C052,M023,2026-04-05T02:08:00.000Z,3720.55,Purchase,Retail,City_10,WA,POS,Credit,Customer_52,37,F,City_2,NY,Standard,Merchant_23,City_15,TX,High,1,1,1,2,1,2,0,90,Yes,High,"High Amount, Location Mismatch, High Risk Merchant, Night Transaction"
T0400,C052,M010,2026-04-07T02:36:00.000Z,2715.67,Purchase,Grocery,City_6,IL,POS,Credit,Customer_52,37,F,City_2,NY,Standard,Merchant_10,City_4,NY,Low,1,1,0,2,1,2,0,75,Yes,High,"High Amount, Location Mismatch, Night Transaction"
T0688,C052,M028,2026-04-05T07:18:00.000Z,4137.11,Purchase,Grocery,City_14,IL,POS,Credit,Customer_52,37,F,City_2,NY,Standard,Merchant_28,City_3,IL,High,1,1,1,7,0,1,0,80,Yes,High,"High Amount, Location Mismatch, High Risk Merchant"
T0817,C052,M027,2026-04-05T08:27:00.000Z,1735.3,Purchase,Online,City_20,CA,Online,Credit,Customer_52,37,F,City_2,NY,Standard,Merchant_27,City_12,CA,High,0,1,1,8,0,1,0,40,No,Medium,"Location Mismatch, High Risk Merchant"
T0564,C052,M026,2026-04-06T09:22:00.000Z,4176.57,Purchase,Retail,City_8,NY,Online,Credit,Customer_52,37,F,City_2,NY,Standard,Merchant_26,City_17,FL,Low,1,0,0,9,0,1,0,40,No,Medium,High Amount
T0368,C052,M017,2026-04-04T14:17:00.000Z,3317.98,Purchase,Travel,City_5,CA,POS,Credit,Customer_52,37,F,City_2,NY,Standard,Merchant_17,City_1,FL,Low,1,1,0,14,0,1,0,65,Yes,High,"High Amount, Location Mismatch"
T0192,C052,M029,2026-04-06T20:46:00.000Z,3805.32,Purchase,Travel,City_16,IL,POS,Debit,Customer_52,37,F,City_2,NY,Standard,Merchant_29,City_3,IL,Low,1,1,0,20,0,1,0,65,Yes,High,"High Amount, Location Mismatch"
T0711,C052,M027,2026-04-03T21:22:00.000Z,2875.73,Purchase,Online,City_15,NY,Online,Credit,Customer_52,37,F,City_2,NY,Standard,Merchant_27,City_12,CA,High,1,0,1,21,0,1,0,55,Yes,High,"High Amount, High Risk Merchant"
T0918,C053,M007,2026-04-01T00:03:00.000Z,605.33,Purchase,Retail,City_14,CA,POS,Debit,Customer_53,40,F,City_7,NY,Premium,Merchant_7,City_10,FL,High,0,1,1,0,1,1,0,50,Yes,High,"Location Mismatch, High Risk Merchant, Night Transaction"
T0699,C053,M019,2026-04-01T01:49:00.000Z,4580.41,Purchase,Luxury,City_4,FL,Online,Debit,Customer_53,40,F,City_7,NY,Premium,Merchant_19,City_10,CA,Low,1,1,0,1,1,1,0,75,Yes,High,"High Amount, Location Mismatch, Night Transaction"
T0411,C053,M015,2026-04-07T14:31:00.000Z,3312.07,Purchase,Electronics,City_2,IL,Online,Credit,Customer_53,40,F,City_7,NY,Premium,Merchant_15,City_16,FL,Medium,1,1,0,14,0,2,0,65,Yes,High,"High Amount, Location Mismatch"
T0647,C053,M014,2026-04-07T14:02:00.000Z,3712.38,Purchase,Grocery,City_6,TX,POS,Debit,Customer_53,40,F,City_7,NY,Premium,Merchant_14,City_8,CA,High,1,1,1,14,0,2,0,80,Yes,High,"High Amount, Location Mismatch, High Risk Merchant"
T0103,C053,M008,2026-04-06T15:57:00.000Z,389.88,Purchase,Travel,City_9,TX,POS,Credit,Customer_53,40,F,City_7,NY,Premium,Merchant_8,City_13,IL,Medium,0,1,0,15,0,1,0,25,No,Medium,Location Mismatch
T0645,C053,M011,2026-04-04T22:03:00.000Z,2226.47,Purchase,Luxury,City_13,CA,POS,Credit,Customer_53,40,F,City_7,NY,Premium,Merchant_11,City_20,IL,High,1,1,1,22,0,1,0,80,Yes,High,"High Amount, Location Mismatch, High Risk Merchant"
T0447,C054,M022,2026-04-03T00:41:00.000Z,1394.26,Purchase,Online,City_6,FL,POS,Credit,Customer_54,29,M,City_17,WA,Premium,Merchant_22,City_1,TX,Medium,0,1,0,0,1,1,0,35,No,Medium,"Location Mismatch, Night Transaction"
T0618,C054,M024,2026-04-05T04:23:00.000Z,2282.67,Purchase,Electronics,City_19,IL,Online,Credit,Customer_54,29,M,City_17,WA,Premium,Merchant_24,City_6,FL,High,1,1,1,4,1,1,0,90,Yes,High,"High Amount, Location Mismatch, High Risk Merchant, Night Transaction"
T0763,C054,M013,2026-04-01T07:06:00.000Z,3028.49,Purchase,Retail,City_3,IL,POS,Credit,Customer_54,29,M,City_17,WA,Premium,Merchant_13,City_12,NY,High,1,1,1,7,0,1,0,80,Yes,High,"High Amount, Location Mismatch, High Risk Merchant"
T0389,C054,M010,2026-04-06T09:46:00.000Z,53.67,Purchase,Grocery,City_14,WA,POS,Credit,Customer_54,29,M,City_17,WA,Premium,Merchant_10,City_4,NY,Low,0,0,0,9,0,1,0,0,No,Low,""
T0104,C054,M014,2026-04-07T14:39:00.000Z,3891.9,Purchase,Grocery,City_9,WA,POS,Debit,Customer_54,29,M,City_17,WA,Premium,Merchant_14,City_8,CA,High,1,0,1,14,0,1,0,55,Yes,High,"High Amount, High Risk Merchant"
T0539,C054,M001,2026-04-06T16:36:00.000Z,3511.36,Purchase,Luxury,City_3,CA,Online,Credit,Customer_54,29,M,City_17,WA,Premium,Merchant_1,City_16,WA,Medium,1,1,0,16,0,1,0,65,Yes,High,"High Amount, Location Mismatch"
T0541,C054,M019,2026-04-06T20:26:00.000Z,2207.62,Purchase,Luxury,City_18,NY,Online,Debit,Customer_54,29,M,City_17,WA,Premium,Merchant_19,City_10,CA,Low,1,1,0,20,0,1,0,65,Yes,High,"High Amount, Location Mismatch"
T0580,C055,M011,2026-04-01T03:38:00.000Z,2617.46,Purchase,Luxury,City_7,IL,POS,Credit,Customer_55,42,M,City_12,TX,Standard,Merchant_11,City_20,IL,High,1,1,1,3,1,1,0,90,Yes,High,"High Amount, Location Mismatch, High Risk Merchant, Night Transaction"
T0308,C055,M027,2026-04-07T04:51:00.000Z,1320.74,Purchase,Online,City_18,TX,Online,Debit,Customer_55,42,M,City_12,TX,Standard,Merchant_27,City_12,CA,High,0,0,1,4,1,1,0,25,No,Medium,"High Risk Merchant, Night Transaction"
T0450,C055,M026,2026-04-05T06:18:00.000Z,963.26,Purchase,Retail,City_20,IL,POS,Credit,Customer_55,42,M,City_12,TX,Standard,Merchant_26,City_17,FL,Low,0,1,0,6,0,2,0,25,No,Medium,Location Mismatch
T0958,C055,M019,2026-04-06T06:38:00.000Z,3918.87,Purchase,Luxury,City_19,CA,POS,Debit,Customer_55,42,M,City_12,TX,Standard,Merchant_19,City_10,CA,Low,1,1,0,6,0,2,0,65,Yes,High,"High Amount, Location Mismatch"
T0799,C055,M004,2026-04-04T09:19:00.000Z,403.77,Purchase,Grocery,City_4,CA,Online,Debit,Customer_55,42,M,City_12,TX,Standard,Merchant_4,City_3,TX,Medium,0,1,0,9,0,1,0,25,No,Medium,Location Mismatch
T0082,C055,M026,2026-04-05T16:56:00.000Z,3228.27,Purchase,Retail,City_6,CA,Online,Debit,Customer_55,42,M,City_12,TX,Standard,Merchant_26,City_17,FL,Low,1,1,0,16,0,1,0,65,Yes,High,"High Amount, Location Mismatch"
T0431,C055,M029,2026-04-05T17:32:00.000Z,4696.9,Purchase,Travel,City_1,IL,POS,Credit,Customer_55,42,M,City_12,TX,Standard,Merchant_29,City_3,IL,Low,1,1,0,17,0,1,0,65,Yes,High,"High Amount, Location Mismatch"
T0560,C055,M028,2026-04-03T19:35:00.000Z,4411.22,Purchase,Grocery,City_3,WA,Online,Credit,Customer_55,42,M,City_12,TX,Standard,Merchant_28,City_3,IL,High,1,1,1,19,0,1,0,80,Yes,High,"High Amount, Location Mismatch, High Risk Merchant"
T0257,C056,M008,2026-04-01T01:23:00.000Z,1031.28,Purchase,Travel,City_17,WA,POS,Credit,Customer_56,44,M,City_11,FL,Standard,Merchant_8,City_13,IL,Medium,0,1,0,1,1,1,0,35,No,Medium,"Location Mismatch, Night Transaction"
T0231,C056,M012,2026-04-07T04:14:00.000Z,2495.91,Purchase,Grocery,City_3,WA,POS,Debit,Customer_56,44,M,City_11,FL,Standard,Merchant_12,City_2,WA,High,1,1,1,4,1,1,0,90,Yes,High,"High Amount, Location Mismatch, High Risk Merchant, Night Transaction"
T0961,C056,M005,2026-04-02T08:31:00.000Z,4142.98,Purchase,Luxury,City_18,TX,Online,Debit,Customer_56,44,M,City_11,FL,Standard,Merchant_5,City_17,IL,High,1,1,1,8,0,1,0,80,Yes,High,"High Amount, Location Mismatch, High Risk Merchant"
T0956,C056,M005,2026-04-01T12:51:00.000Z,936.55,Purchase,Luxury,City_1,WA,POS,Debit,Customer_56,44,M,City_11,FL,Standard,Merchant_5,City_17,IL,High,0,1,1,12,0,1,0,40,No,Medium,"Location Mismatch, High Risk Merchant"
T0204,C056,M019,2026-04-02T16:25:00.000Z,2143.46,Purchase,Luxury,City_2,NY,POS,Credit,Customer_56,44,M,City_11,FL,Standard,Merchant_19,City_10,CA,Low,1,1,0,16,0,1,0,65,Yes,High,"High Amount, Location Mismatch"
T0884,C056,M027,2026-04-04T17:20:00.000Z,1402.92,Purchase,Online,City_18,CA,Online,Debit,Customer_56,44,M,City_11,FL,Standard,Merchant_27,City_12,CA,High,0,1,1,17,0,1,0,40,No,Medium,"Location Mismatch, High Risk Merchant"
T0972,C056,M016,2026-04-07T19:47:00.000Z,665.32,Purchase,Retail,City_13,NY,POS,Credit,Customer_56,44,M,City_11,FL,Standard,Merchant_16,City_5,CA,Medium,0,1,0,19,0,1,0,25,No,Medium,Location Mismatch
T0784,C057,M023,2026-04-06T00:16:00.000Z,433.66,Purchase,Retail,City_14,CA,Online,Debit,Customer_57,53,M,City_4,WA,Standard,Merchant_23,City_15,TX,High,0,1,1,0,1,1,0,50,Yes,High,"Location Mismatch, High Risk Merchant, Night Transaction"
T0063,C057,M021,2026-04-02T03:36:00.000Z,760.43,Purchase,Electronics,City_17,CA,POS,Debit,Customer_57,53,M,City_4,WA,Standard,Merchant_21,City_16,TX,Low,0,1,0,3,1,1,0,35,No,Medium,"Location Mismatch, Night Transaction"
T0116,C057,M008,2026-04-06T05:47:00.000Z,1432.25,Purchase,Travel,City_11,NY,POS,Debit,Customer_57,53,M,City_4,WA,Standard,Merchant_8,City_13,IL,Medium,0,1,0,5,1,1,0,35,No,Medium,"Location Mismatch, Night Transaction"
T0437,C057,M026,2026-04-04T06:34:00.000Z,1372.98,Purchase,Retail,City_1,NY,Online,Credit,Customer_57,53,M,City_4,WA,Standard,Merchant_26,City_17,FL,Low,0,1,0,6,0,2,0,25,No,Medium,Location Mismatch
T0934,C057,M009,2026-04-07T06:20:00.000Z,1029.3,Purchase,Luxury,City_18,TX,Online,Credit,Customer_57,53,M,City_4,WA,Standard,Merchant_9,City_12,IL,High,0,1,1,6,0,2,0,40,No,Medium,"Location Mismatch, High Risk Merchant"
T0183,C057,M006,2026-04-07T07:32:00.000Z,4976.85,Purchase,Electronics,City_8,CA,POS,Debit,Customer_57,53,M,City_4,WA,Standard,Merchant_6,City_18,WA,High,1,1,1,7,0,1,0,80,Yes,High,"High Amount, Location Mismatch, High Risk Merchant"
T0218,C057,M012,2026-04-03T10:27:00.000Z,3403.57,Purchase,Grocery,City_16,TX,POS,Debit,Customer_57,53,M,City_4,WA,Standard,Merchant_12,City_2,WA,High,1,1,1,10,0,1,0,80,Yes,High,"High Amount, Location Mismatch, High Risk Merchant"
T0987,C057,M028,2026-04-05T11:21:00.000Z,164.55,Purchase,Grocery,City_13,TX,POS,Credit,Customer_57,53,M,City_4,WA,Standard,Merchant_28,City_3,IL,High,0,1,1,11,0,1,0,40,No,Medium,"Location Mismatch, High Risk Merchant"
T0488,C057,M005,2026-04-04T13:30:00.000Z,2491.1,Purchase,Luxury,City_12,CA,POS,Credit,Customer_57,53,M,City_4,WA,Standard,Merchant_5,City_17,IL,High,1,1,1,13,0,1,0,80,Yes,High,"High Amount, Location Mismatch, High Risk Merchant"
T0759,C057,M006,2026-04-03T18:27:00.000Z,1496.96,Purchase,Electronics,City_5,NY,Online,Credit,Customer_57,53,M,City_4,WA,Standard,Merchant_6,City_18,WA,High,0,1,1,18,0,1,0,40,No,Medium,"Location Mismatch, High Risk Merchant"
T0117,C057,M026,2026-04-07T22:29:00.000Z,1728.22,Purchase,Retail,City_16,NY,POS,Debit,Customer_57,53,M,City_4,WA,Standard,Merchant_26,City_17,FL,Low,0,1,0,22,0,1,0,25,No,Medium,Location Mismatch
T0174,C057,M010,2026-04-02T23:19:00.000Z,748.21,Purchase,Grocery,City_10,NY,Online,Debit,Customer_57,53,M,City_4,WA,Standard,Merchant_10,City_4,NY,Low,0,1,0,23,0,2,0,25,No,Medium,Location Mismatch
T0642,C057,M015,2026-04-05T23:29:00.000Z,3518.24,Purchase,Electronics,City_1,CA,Online,Debit,Customer_57,53,M,City_4,WA,Standard,Merchant_15,City_16,FL,Medium,1,1,0,23,0,2,0,65,Yes,High,"High Amount, Location Mismatch"
T0786,C058,M027,2026-04-05T01:34:00.000Z,3363.22,Purchase,Online,City_18,WA,Online,Credit,Customer_58,53,F,City_9,NY,Standard,Merchant_27,City_12,CA,High,1,1,1,1,1,2,0,90,Yes,High,"High Amount, Location Mismatch, High Risk Merchant, Night Transaction"
T0394,C058,M021,2026-04-01T01:11:00.000Z,2014.02,Purchase,Electronics,City_13,CA,POS,Credit,Customer_58,53,F,City_9,NY,Standard,Merchant_21,City_16,TX,Low,1,1,0,1,1,2,0,75,Yes,High,"High Amount, Location Mismatch, Night Transaction"
T0473,C058,M027,2026-04-06T02:27:00.000Z,601.64,Purchase,Online,City_13,CA,Online,Credit,Customer_58,53,F,City_9,NY,Standard,Merchant_27,City_12,CA,High,0,1,1,2,1,1,0,50,Yes,High,"Location Mismatch, High Risk Merchant, Night Transaction"
T0607,C058,M013,2026-04-07T03:28:00.000Z,3043.73,Purchase,Retail,City_3,FL,POS,Debit,Customer_58,53,F,City_9,NY,Standard,Merchant_13,City_12,NY,High,1,1,1,3,1,1,0,90,Yes,High,"High Amount, Location Mismatch, High Risk Merchant, Night Transaction"
T0190,C058,M023,2026-04-05T04:05:00.000Z,1644.64,Purchase,Retail,City_11,CA,Online,Debit,Customer_58,53,F,City_9,NY,Standard,Merchant_23,City_15,TX,High,0,1,1,4,1,1,0,50,Yes,High,"Location Mismatch, High Risk Merchant, Night Transaction"
T0883,C058,M016,2026-04-03T09:41:00.000Z,4646.66,Purchase,Retail,City_12,TX,POS,Credit,Customer_58,53,F,City_9,NY,Standard,Merchant_16,City_5,CA,Medium,1,1,0,9,0,1,0,65,Yes,High,"High Amount, Location Mismatch"
T0715,C058,M024,2026-04-01T13:02:00.000Z,2862.18,Purchase,Electronics,City_7,CA,POS,Debit,Customer_58,53,F,City_9,NY,Standard,Merchant_24,City_6,FL,High,1,1,1,13,0,1,0,80,Yes,High,"High Amount, Location Mismatch, High Risk Merchant"
T0695,C058,M016,2026-04-04T15:19:00.000Z,4046.48,Purchase,Retail,City_4,FL,POS,Debit,Customer_58,53,F,City_9,NY,Standard,Merchant_16,City_5,CA,Medium,1,1,0,15,0,1,0,65,Yes,High,"High Amount, Location Mismatch"
T0298,C058,M003,2026-04-02T16:30:00.000Z,325.73,Purchase,Online,City_15,CA,Online,Credit,Customer_58,53,F,City_9,NY,Standard,Merchant_3,City_3,TX,Low,0,1,0,16,0,1,0,25,No,Medium,Location Mismatch
T0977,C058,M026,2026-04-04T21:10:00.000Z,1119.05,Purchase,Retail,City_19,NY,POS,Credit,Customer_58,53,F,City_9,NY,Standard,Merchant_26,City_17,FL,Low,0,0,0,21,0,1,0,0,No,Low,""
T0753,C059,M025,2026-04-03T01:23:00.000Z,3903.69,Purchase,Retail,City_15,FL,Online,Credit,Customer_59,44,M,City_15,IL,Standard,Merchant_25,City_5,CA,Medium,1,1,0,1,1,1,0,75,Yes,High,"High Amount, Location Mismatch, Night Transaction"
T0773,C059,M020,2026-04-07T08:54:00.000Z,3050.56,Purchase,Travel,City_3,CA,POS,Debit,Customer_59,44,M,City_15,IL,Standard,Merchant_20,City_13,TX,Medium,1,1,0,8,0,1,0,65,Yes,High,"High Amount, Location Mismatch"
T0791,C059,M027,2026-04-05T13:54:00.000Z,3682.77,Purchase,Online,City_11,IL,Online,Debit,Customer_59,44,M,City_15,IL,Standard,Merchant_27,City_12,CA,High,1,0,1,13,0,2,0,55,Yes,High,"High Amount, High Risk Merchant"
T0872,C059,M028,2026-04-04T13:06:00.000Z,51.53,Purchase,Grocery,City_4,IL,POS,Debit,Customer_59,44,M,City_15,IL,Standard,Merchant_28,City_3,IL,High,0,0,1,13,0,2,0,15,No,Low,High Risk Merchant
T0254,C059,M012,2026-04-07T14:51:00.000Z,2616.49,Purchase,Grocery,City_14,NY,Online,Credit,Customer_59,44,M,City_15,IL,Standard,Merchant_12,City_2,WA,High,1,1,1,14,0,2,0,80,Yes,High,"High Amount, Location Mismatch, High Risk Merchant"
T0286,C059,M011,2026-04-06T14:31:00.000Z,4719.62,Purchase,Luxury,City_12,CA,Online,Debit,Customer_59,44,M,City_15,IL,Standard,Merchant_11,City_20,IL,High,1,1,1,14,0,2,0,80,Yes,High,"High Amount, Location Mismatch, High Risk Merchant"
T0552,C059,M025,2026-04-06T16:01:00.000Z,4098.1,Purchase,Retail,City_13,IL,Online,Debit,Customer_59,44,M,City_15,IL,Standard,Merchant_25,City_5,CA,Medium,1,0,0,16,0,1,0,40,No,Medium,High Amount
T0785,C059,M009,2026-04-07T22:12:00.000Z,4398.82,Purchase,Luxury,City_19,TX,POS,Credit,Customer_59,44,M,City_15,IL,Standard,Merchant_9,City_12,IL,High,1,1,1,22,0,1,0,80,Yes,High,"High Amount, Location Mismatch, High Risk Merchant"
T0064,C060,M009,2026-04-04T00:03:00.000Z,1396.08,Purchase,Luxury,City_17,TX,Online,Credit,Customer_60,24,F,City_14,CA,Premium,Merchant_9,City_12,IL,High,0,1,1,0,1,1,0,50,Yes,High,"Location Mismatch, High Risk Merchant, Night Transaction"
T0741,C060,M023,2026-04-02T01:14:00.000Z,1906.29,Purchase,Retail,City_13,FL,Online,Debit,Customer_60,24,F,City_14,CA,Premium,Merchant_23,City_15,TX,High,0,1,1,1,1,1,0,50,Yes,High,"Location Mismatch, High Risk Merchant, Night Transaction"
T0090,C060,M025,2026-04-02T05:18:00.000Z,2235.01,Purchase,Retail,City_14,CA,Online,Debit,Customer_60,24,F,City_14,CA,Premium,Merchant_25,City_5,CA,Medium,1,0,0,5,1,1,0,50,Yes,High,"High Amount, Night Transaction"
T0119,C060,M024,2026-04-06T07:16:00.000Z,2302.33,Purchase,Electronics,City_16,NY,POS,Debit,Customer_60,24,F,City_14,CA,Premium,Merchant_24,City_6,FL,High,1,1,1,7,0,2,0,80,Yes,High,"High Amount, Location Mismatch, High Risk Merchant"
T0297,C060,M027,2026-04-03T07:38:00.000Z,4628.59,Purchase,Online,City_7,WA,POS,Debit,Customer_60,24,F,City_14,CA,Premium,Merchant_27,City_12,CA,High,1,1,1,7,0,2,0,80,Yes,High,"High Amount, Location Mismatch, High Risk Merchant"
T0826,C060,M006,2026-04-07T08:10:00.000Z,1186.97,Purchase,Electronics,City_7,WA,POS,Credit,Customer_60,24,F,City_14,CA,Premium,Merchant_6,City_18,WA,High,0,1,1,8,0,2,0,40,No,Medium,"Location Mismatch, High Risk Merchant"
T0340,C060,M010,2026-04-01T08:54:00.000Z,3947.11,Purchase,Grocery,City_1,TX,Online,Debit,Customer_60,24,F,City_14,CA,Premium,Merchant_10,City_4,NY,Low,1,1,0,8,0,2,0,65,Yes,High,"High Amount, Location Mismatch"
T0683,C060,M003,2026-04-02T12:17:00.000Z,4595.62,Purchase,Online,City_3,IL,POS,Debit,Customer_60,24,F,City_14,CA,Premium,Merchant_3,City_3,TX,Low,1,1,0,12,0,1,0,65,Yes,High,"High Amount, Location Mismatch"
T0452,C060,M028,2026-04-04T14:23:00.000Z,2666.7,Purchase,Grocery,City_7,FL,Online,Debit,Customer_60,24,F,City_14,CA,Premium,Merchant_28,City_3,IL,High,1,1,1,14,0,1,0,80,Yes,High,"High Amount, Location Mismatch, High Risk Merchant"
T0445,C060,M008,2026-04-01T15:36:00.000Z,645.73,Purchase,Travel,City_19,TX,Online,Debit,Customer_60,24,F,City_14,CA,Premium,Merchant_8,City_13,IL,Medium,0,1,0,15,0,1,0,25,No,Medium,Location Mismatch
T0553,C060,M013,2026-04-04T18:13:00.000Z,2326.67,Purchase,Retail,City_16,FL,Online,Debit,Customer_60,24,F,City_14,CA,Premium,Merchant_13,City_12,NY,High,1,1,1,18,0,1,0,80,Yes,High,"High Amount, Location Mismatch, High Risk Merchant"
T0988,C060,M001,2026-04-02T20:17:00.000Z,4129.86,Purchase,Luxury,City_14,TX,POS,Credit,Customer_60,24,F,City_14,CA,Premium,Merchant_1,City_16,WA,Medium,1,1,0,20,0,2,0,65,Yes,High,"High Amount, Location Mismatch"
T0593,C060,M027,2026-04-06T20:58:00.000Z,2522.92,Purchase,Online,City_9,FL,Online,Debit,Customer_60,24,F,City_14,CA,Premium,Merchant_27,City_12,CA,High,1,1,1,20,0,2,0,80,Yes,High,"High Amount, Location Mismatch, High Risk Merchant"
T0725,C060,M024,2026-04-03T21:20:00.000Z,1862.18,Purchase,Electronics,City_20,WA,Online,Credit,Customer_60,24,F,City_14,CA,Premium,Merchant_24,City_6,FL,High,0,1,1,21,0,1,0,40,No,Medium,"Location Mismatch, High Risk Merchant"
T0712,C060,M008,2026-04-01T23:11:00.000Z,4623.75,Purchase,Travel,City_11,TX,POS,Credit,Customer_60,24,F,City_14,CA,Premium,Merchant_8,City_13,IL,Medium,1,1,0,23,0,1,0,65,Yes,High,"High Amount, Location Mismatch"
T0098,C061,M025,2026-04-02T00:47:00.000Z,2818.3,Purchase,Retail,City_19,TX,Online,Credit,Customer_61,58,M,City_3,WA,Premium,Merchant_25,City_5,CA,Medium,1,1,0,0,1,1,0,75,Yes,High,"High Amount, Location Mismatch, Night Transaction"
T0397,C061,M016,2026-04-05T02:46:00.000Z,3431.0,Purchase,Retail,City_5,CA,Online,Debit,Customer_61,58,M,City_3,WA,Premium,Merchant_16,City_5,CA,Medium,1,1,0,2,1,1,0,75,Yes,High,"High Amount, Location Mismatch, Night Transaction"
T0409,C061,M016,2026-04-02T03:04:00.000Z,4310.87,Purchase,Retail,City_12,FL,Online,Debit,Customer_61,58,M,City_3,WA,Premium,Merchant_16,City_5,CA,Medium,1,1,0,3,1,1,0,75,Yes,High,"High Amount, Location Mismatch, Night Transaction"
T0891,C061,M011,2026-04-04T04:57:00.000Z,2784.77,Purchase,Luxury,City_11,CA,POS,Debit,Customer_61,58,M,City_3,WA,Premium,Merchant_11,City_20,IL,High,1,1,1,4,1,1,0,90,Yes,High,"High Amount, Location Mismatch, High Risk Merchant, Night Transaction"
T0781,C061,M004,2026-04-06T06:06:00.000Z,4453.12,Purchase,Grocery,City_1,IL,Online,Credit,Customer_61,58,M,City_3,WA,Premium,Merchant_4,City_3,TX,Medium,1,1,0,6,0,1,0,65,Yes,High,"High Amount, Location Mismatch"
T0348,C061,M025,2026-04-03T08:12:00.000Z,3903.16,Purchase,Retail,City_13,FL,Online,Credit,Customer_61,58,M,City_3,WA,Premium,Merchant_25,City_5,CA,Medium,1,1,0,8,0,2,0,65,Yes,High,"High Amount, Location Mismatch"
T0755,C061,M019,2026-04-03T08:10:00.000Z,1235.44,Purchase,Luxury,City_9,WA,Online,Debit,Customer_61,58,M,City_3,WA,Premium,Merchant_19,City_10,CA,Low,0,0,0,8,0,2,0,0,No,Low,""
T0020,C061,M002,2026-04-07T09:27:00.000Z,4986.65,Purchase,Luxury,City_16,CA,Online,Debit,Customer_61,58,M,City_3,WA,Premium,Merchant_2,City_11,CA,High,1,1,1,9,0,1,0,80,Yes,High,"High Amount, Location Mismatch, High Risk Merchant"
T0569,C061,M011,2026-04-05T11:57:00.000Z,3132.36,Purchase,Luxury,City_3,NY,Online,Debit,Customer_61,58,M,City_3,WA,Premium,Merchant_11,City_20,IL,High,1,1,1,11,0,1,0,80,Yes,High,"High Amount, Location Mismatch, High Risk Merchant"
T0954,C061,M001,2026-04-01T14:53:00.000Z,1145.33,Purchase,Luxury,City_14,NY,Online,Debit,Customer_61,58,M,City_3,WA,Premium,Merchant_1,City_16,WA,Medium,0,1,0,14,0,1,0,25,No,Medium,Location Mismatch
T0137,C061,M008,2026-04-02T19:55:00.000Z,1195.19,Purchase,Travel,City_18,FL,POS,Debit,Customer_61,58,M,City_3,WA,Premium,Merchant_8,City_13,IL,Medium,0,1,0,19,0,1,0,25,No,Medium,Location Mismatch
T0175,C061,M001,2026-04-02T23:42:00.000Z,3909.13,Purchase,Luxury,City_9,CA,POS,Debit,Customer_61,58,M,City_3,WA,Premium,Merchant_1,City_16,WA,Medium,1,1,0,23,0,1,0,65,Yes,High,"High Amount, Location Mismatch"
T0052,C062,M024,2026-04-04T00:41:00.000Z,1230.89,Purchase,Electronics,City_2,FL,POS,Credit,Customer_62,24,F,City_18,IL,Standard,Merchant_24,City_6,FL,High,0,1,1,0,1,1,0,50,Yes,High,"Location Mismatch, High Risk Merchant, Night Transaction"
T0809,C062,M008,2026-04-02T01:45:00.000Z,1086.8,Purchase,Travel,City_9,WA,Online,Debit,Customer_62,24,F,City_18,IL,Standard,Merchant_8,City_13,IL,Medium,0,1,0,1,1,1,0,35,No,Medium,"Location Mismatch, Night Transaction"
T0693,C062,M012,2026-04-04T02:13:00.000Z,1871.89,Purchase,Grocery,City_12,FL,POS,Debit,Customer_62,24,F,City_18,IL,Standard,Merchant_12,City_2,WA,High,0,1,1,2,1,1,0,50,Yes,High,"Location Mismatch, High Risk Merchant, Night Transaction"
T0467,C062,M028,2026-04-07T04:47:00.000Z,1125.7,Purchase,Grocery,City_8,WA,Online,Debit,Customer_62,24,F,City_18,IL,Standard,Merchant_28,City_3,IL,High,0,1,1,4,1,1,0,50,Yes,High,"Location Mismatch, High Risk Merchant, Night Transaction"
T0790,C062,M010,2026-04-04T06:35:00.000Z,1429.25,Purchase,Grocery,City_13,FL,POS,Credit,Customer_62,24,F,City_18,IL,Standard,Merchant_10,City_4,NY,Low,0,1,0,6,0,1,0,25,No,Medium,Location Mismatch
T0391,C062,M019,2026-04-02T10:09:00.000Z,2303.8,Purchase,Luxury,City_4,CA,POS,Credit,Customer_62,24,F,City_18,IL,Standard,Merchant_19,City_10,CA,Low,1,1,0,10,0,2,0,65,Yes,High,"High Amount, Location Mismatch"
T0048,C062,M006,2026-04-07T10:30:00.000Z,4320.18,Purchase,Electronics,City_3,TX,POS,Credit,Customer_62,24,F,City_18,IL,Standard,Merchant_6,City_18,WA,High,1,1,1,10,0,2,0,80,Yes,High,"High Amount, Location Mismatch, High Risk Merchant"
T0484,C062,M020,2026-04-04T12:45:00.000Z,4638.63,Purchase,Travel,City_11,TX,Online,Debit,Customer_62,24,F,City_18,IL,Standard,Merchant_20,City_13,TX,Medium,1,1,0,12,0,1,0,65,Yes,High,"High Amount, Location Mismatch"
T0597,C062,M008,2026-04-04T14:26:00.000Z,1194.27,Purchase,Travel,City_2,TX,Online,Debit,Customer_62,24,F,City_18,IL,Standard,Merchant_8,City_13,IL,Medium,0,1,0,14,0,1,0,25,No,Medium,Location Mismatch
T0395,C062,M025,2026-04-07T21:52:00.000Z,830.35,Purchase,Retail,City_9,CA,POS,Credit,Customer_62,24,F,City_18,IL,Standard,Merchant_25,City_5,CA,Medium,0,1,0,21,0,2,0,25,No,Medium,Location Mismatch
T0899,C062,M022,2026-04-01T21:51:00.000Z,608.05,Purchase,Online,City_16,IL,Online,Debit,Customer_62,24,F,City_18,IL,Standard,Merchant_22,City_1,TX,Medium,0,0,0,21,0,2,0,0,No,Low,""
T0766,C062,M011,2026-04-06T23:43:00.000Z,1145.88,Purchase,Luxury,City_20,TX,Online,Debit,Customer_62,24,F,City_18,IL,Standard,Merchant_11,City_20,IL,High,0,1,1,23,0,1,0,40,No,Medium,"Location Mismatch, High Risk Merchant"
T0220,C063,M026,2026-04-04T00:48:00.000Z,3981.1,Purchase,Retail,City_14,NY,Online,Credit,Customer_63,22,F,City_2,TX,Standard,Merchant_26,City_17,FL,Low,1,1,0,0,1,1,0,75,Yes,High,"High Amount, Location Mismatch, Night Transaction"
T0828,C063,M018,2026-04-05T03:15:00.000Z,1761.85,Purchase,Electronics,City_4,NY,POS,Credit,Customer_63,22,F,City_2,TX,Standard,Merchant_18,City_1,IL,High,0,1,1,3,1,2,0,50,Yes,High,"Location Mismatch, High Risk Merchant, Night Transaction"
T0868,C063,M020,2026-04-03T03:17:00.000Z,2723.32,Purchase,Travel,City_17,WA,POS,Credit,Customer_63,22,F,City_2,TX,Standard,Merchant_20,City_13,TX,Medium,1,1,0,3,1,2,0,75,Yes,High,"High Amount, Location Mismatch, Night Transaction"
T0266,C063,M010,2026-04-04T08:08:00.000Z,3110.64,Purchase,Grocery,City_3,FL,Online,Credit,Customer_63,22,F,City_2,TX,Standard,Merchant_10,City_4,NY,Low,1,1,0,8,0,1,0,65,Yes,High,"High Amount, Location Mismatch"
T0903,C063,M003,2026-04-05T13:38:00.000Z,1506.02,Purchase,Online,City_11,IL,Online,Debit,Customer_63,22,F,City_2,TX,Standard,Merchant_3,City_3,TX,Low,0,1,0,13,0,1,0,25,No,Medium,Location Mismatch
T0375,C063,M010,2026-04-05T15:48:00.000Z,3579.86,Purchase,Grocery,City_17,TX,POS,Debit,Customer_63,22,F,City_2,TX,Standard,Merchant_10,City_4,NY,Low,1,0,0,15,0,1,0,40,No,Medium,High Amount
T0276,C063,M023,2026-04-06T22:21:00.000Z,413.55,Purchase,Retail,City_17,FL,POS,Debit,Customer_63,22,F,City_2,TX,Standard,Merchant_23,City_15,TX,High,0,1,1,22,0,1,0,40,No,Medium,"Location Mismatch, High Risk Merchant"
T0166,C064,M002,2026-04-02T01:20:00.000Z,921.61,Purchase,Luxury,City_2,IL,Online,Debit,Customer_64,31,F,City_3,FL,Standard,Merchant_2,City_11,CA,High,0,1,1,1,1,1,0,50,Yes,High,"Location Mismatch, High Risk Merchant, Night Transaction"
T0957,C064,M023,2026-04-04T05:18:00.000Z,3438.25,Purchase,Retail,City_10,WA,Online,Debit,Customer_64,31,F,City_3,FL,Standard,Merchant_23,City_15,TX,High,1,1,1,5,1,1,0,90,Yes,High,"High Amount, Location Mismatch, High Risk Merchant, Night Transaction"
T0102,C064,M009,2026-04-05T06:41:00.000Z,777.04,Purchase,Luxury,City_8,WA,POS,Credit,Customer_64,31,F,City_3,FL,Standard,Merchant_9,City_12,IL,High,0,1,1,6,0,2,0,40,No,Medium,"Location Mismatch, High Risk Merchant"
T0463,C064,M015,2026-04-07T06:27:00.000Z,4483.67,Purchase,Electronics,City_5,WA,Online,Debit,Customer_64,31,F,City_3,FL,Standard,Merchant_15,City_16,FL,Medium,1,1,0,6,0,2,0,65,Yes,High,"High Amount, Location Mismatch"
T0127,C064,M017,2026-04-05T07:01:00.000Z,852.46,Purchase,Travel,City_12,IL,POS,Debit,Customer_64,31,F,City_3,FL,Standard,Merchant_17,City_1,FL,Low,0,1,0,7,0,1,0,25,No,Medium,Location Mismatch
T0011,C064,M002,2026-04-02T15:13:00.000Z,2223.77,Purchase,Luxury,City_15,CA,POS,Debit,Customer_64,31,F,City_3,FL,Standard,Merchant_2,City_11,CA,High,1,1,1,15,0,1,0,80,Yes,High,"High Amount, Location Mismatch, High Risk Merchant"
T0529,C064,M023,2026-04-01T20:11:00.000Z,2327.73,Purchase,Retail,City_15,NY,POS,Debit,Customer_64,31,F,City_3,FL,Standard,Merchant_23,City_15,TX,High,1,1,1,20,0,1,0,80,Yes,High,"High Amount, Location Mismatch, High Risk Merchant"
T0681,C064,M013,2026-04-01T21:35:00.000Z,2245.62,Purchase,Retail,City_2,IL,Online,Debit,Customer_64,31,F,City_3,FL,Standard,Merchant_13,City_12,NY,High,1,1,1,21,0,2,0,80,Yes,High,"High Amount, Location Mismatch, High Risk Merchant"
T0292,C064,M025,2026-04-05T21:30:00.000Z,1828.86,Purchase,Retail,City_4,WA,POS,Debit,Customer_64,31,F,City_3,FL,Standard,Merchant_25,City_5,CA,Medium,0,1,0,21,0,2,0,25,No,Medium,Location Mismatch
T0390,C064,M004,2026-04-06T23:27:00.000Z,446.45,Purchase,Grocery,City_15,CA,POS,Credit,Customer_64,31,F,City_3,FL,Standard,Merchant_4,City_3,TX,Medium,0,1,0,23,0,2,0,25,No,Medium,Location Mismatch
T0158,C064,M001,2026-04-01T23:44:00.000Z,4114.86,Purchase,Luxury,City_3,NY,POS,Credit,Customer_64,31,F,City_3,FL,Standard,Merchant_1,City_16,WA,Medium,1,1,0,23,0,2,0,65,Yes,High,"High Amount, Location Mismatch"
T0135,C065,M002,2026-04-01T03:04:00.000Z,4403.98,Purchase,Luxury,City_16,WA,Online,Debit,Customer_65,43,F,City_1,FL,Premium,Merchant_2,City_11,CA,High,1,1,1,3,1,1,0,90,Yes,High,"High Amount, Location Mismatch, High Risk Merchant, Night Transaction"
T0508,C065,M029,2026-04-05T06:49:00.000Z,3217.61,Purchase,Travel,City_9,WA,POS,Credit,Customer_65,43,F,City_1,FL,Premium,Merchant_29,City_3,IL,Low,1,1,0,6,0,1,0,65,Yes,High,"High Amount, Location Mismatch"
T0151,C065,M019,2026-04-02T07:45:00.000Z,4368.97,Purchase,Luxury,City_10,NY,POS,Debit,Customer_65,43,F,City_1,FL,Premium,Merchant_19,City_10,CA,Low,1,1,0,7,0,1,0,65,Yes,High,"High Amount, Location Mismatch"
T0252,C065,M009,2026-04-06T08:03:00.000Z,4246.25,Purchase,Luxury,City_13,IL,Online,Credit,Customer_65,43,F,City_1,FL,Premium,Merchant_9,City_12,IL,High,1,1,1,8,0,1,0,80,Yes,High,"High Amount, Location Mismatch, High Risk Merchant"
T0517,C065,M008,2026-04-01T12:19:00.000Z,1036.26,Purchase,Travel,City_14,FL,Online,Credit,Customer_65,43,F,City_1,FL,Premium,Merchant_8,City_13,IL,Medium,0,0,0,12,0,1,0,0,No,Low,""
T0974,C065,M006,2026-04-01T13:33:00.000Z,3742.73,Purchase,Electronics,City_13,FL,POS,Debit,Customer_65,43,F,City_1,FL,Premium,Merchant_6,City_18,WA,High,1,0,1,13,0,1,0,55,Yes,High,"High Amount, High Risk Merchant"
T0288,C065,M018,2026-04-07T19:41:00.000Z,923.16,Purchase,Electronics,City_15,IL,Online,Debit,Customer_65,43,F,City_1,FL,Premium,Merchant_18,City_1,IL,High,0,1,1,19,0,1,0,40,No,Medium,"Location Mismatch, High Risk Merchant"
T0984,C065,M029,2026-04-04T20:11:00.000Z,4424.92,Purchase,Travel,City_16,WA,POS,Credit,Customer_65,43,F,City_1,FL,Premium,Merchant_29,City_3,IL,Low,1,1,0,20,0,1,0,65,Yes,High,"High Amount, Location Mismatch"
T0073,C065,M011,2026-04-01T22:14:00.000Z,519.5,Purchase,Luxury,City_15,CA,Online,Credit,Customer_65,43,F,City_1,FL,Premium,Merchant_11,City_20,IL,High,0,1,1,22,0,1,0,40,No,Medium,"Location Mismatch, High Risk Merchant"
T0380,C066,M014,2026-04-03T00:29:00.000Z,4002.13,Purchase,Grocery,City_13,FL,Online,Credit,Customer_66,42,F,City_4,IL,Standard,Merchant_14,City_8,CA,High,1,1,1,0,1,1,0,90,Yes,High,"High Amount, Location Mismatch, High Risk Merchant, Night Transaction"
T0436,C066,M027,2026-04-06T01:58:00.000Z,1558.96,Purchase,Online,City_7,TX,POS,Debit,Customer_66,42,F,City_4,IL,Standard,Merchant_27,City_12,CA,High,0,1,1,1,1,1,0,50,Yes,High,"Location Mismatch, High Risk Merchant, Night Transaction"
T0601,C066,M012,2026-04-06T10:13:00.000Z,4789.37,Purchase,Grocery,City_6,IL,Online,Debit,Customer_66,42,F,City_4,IL,Standard,Merchant_12,City_2,WA,High,1,0,1,10,0,1,0,55,Yes,High,"High Amount, High Risk Merchant"
T0761,C066,M028,2026-04-03T13:06:00.000Z,3115.82,Purchase,Grocery,City_19,TX,Online,Debit,Customer_66,42,F,City_4,IL,Standard,Merchant_28,City_3,IL,High,1,1,1,13,0,1,0,80,Yes,High,"High Amount, Location Mismatch, High Risk Merchant"
T0902,C066,M001,2026-04-01T20:34:00.000Z,4535.97,Purchase,Luxury,City_18,WA,Online,Debit,Customer_66,42,F,City_4,IL,Standard,Merchant_1,City_16,WA,Medium,1,1,0,20,0,1,0,65,Yes,High,"High Amount, Location Mismatch"
T0156,C066,M011,2026-04-05T23:06:00.000Z,3185.78,Purchase,Luxury,City_10,CA,POS,Debit,Customer_66,42,F,City_4,IL,Standard,Merchant_11,City_20,IL,High,1,1,1,23,0,2,0,80,Yes,High,"High Amount, Location Mismatch, High Risk Merchant"
T0238,C066,M020,2026-04-04T23:31:00.000Z,889.36,Purchase,Travel,City_10,IL,Online,Debit,Customer_66,42,F,City_4,IL,Standard,Merchant_20,City_13,TX,Medium,0,0,0,23,0,2,0,0,No,Low,""
T0716,C067,M013,2026-04-05T02:50:00.000Z,1244.34,Purchase,Retail,City_13,TX,Online,Debit,Customer_67,57,M,City_18,NY,Premium,Merchant_13,City_12,NY,High,0,1,1,2,1,1,0,50,Yes,High,"Location Mismatch, High Risk Merchant, Night Transaction"
T0895,C067,M013,2026-04-04T07:39:00.000Z,4069.84,Purchase,Retail,City_16,IL,POS,Debit,Customer_67,57,M,City_18,NY,Premium,Merchant_13,City_12,NY,High,1,1,1,7,0,1,0,80,Yes,High,"High Amount, Location Mismatch, High Risk Merchant"
T0543,C067,M005,2026-04-02T09:24:00.000Z,536.19,Purchase,Luxury,City_4,IL,POS,Debit,Customer_67,57,M,City_18,NY,Premium,Merchant_5,City_17,IL,High,0,1,1,9,0,1,0,40,No,Medium,"Location Mismatch, High Risk Merchant"
T0694,C067,M027,2026-04-07T11:25:00.000Z,3071.4,Purchase,Online,City_16,FL,POS,Credit,Customer_67,57,M,City_18,NY,Premium,Merchant_27,City_12,CA,High,1,1,1,11,0,2,0,80,Yes,High,"High Amount, Location Mismatch, High Risk Merchant"
T0710,C067,M004,2026-04-07T11:40:00.000Z,648.23,Purchase,Grocery,City_17,WA,POS,Debit,Customer_67,57,M,City_18,NY,Premium,Merchant_4,City_3,TX,Medium,0,1,0,11,0,2,0,25,No,Medium,Location Mismatch
T0392,C067,M013,2026-04-06T22:53:00.000Z,1671.25,Purchase,Retail,City_17,FL,POS,Debit,Customer_67,57,M,City_18,NY,Premium,Merchant_13,City_12,NY,High,0,1,1,22,0,1,0,40,No,Medium,"Location Mismatch, High Risk Merchant"
T0162,C068,M004,2026-04-03T00:47:00.000Z,1412.44,Purchase,Grocery,City_15,TX,POS,Credit,Customer_68,28,F,City_2,WA,Premium,Merchant_4,City_3,TX,Medium,0,1,0,0,1,2,0,35,No,Medium,"Location Mismatch, Night Transaction"
T0456,C068,M011,2026-04-04T00:01:00.000Z,2427.99,Purchase,Luxury,City_10,IL,Online,Debit,Customer_68,28,F,City_2,WA,Premium,Merchant_11,City_20,IL,High,1,1,1,0,1,2,0,90,Yes,High,"High Amount, Location Mismatch, High Risk Merchant, Night Transaction"
T0087,C068,M025,2026-04-05T03:36:00.000Z,3039.24,Purchase,Retail,City_8,IL,POS,Credit,Customer_68,28,F,City_2,WA,Premium,Merchant_25,City_5,CA,Medium,1,1,0,3,1,1,0,75,Yes,High,"High Amount, Location Mismatch, Night Transaction"
T0401,C068,M011,2026-04-07T05:23:00.000Z,1696.78,Purchase,Luxury,City_12,FL,POS,Debit,Customer_68,28,F,City_2,WA,Premium,Merchant_11,City_20,IL,High,0,1,1,5,1,1,0,50,Yes,High,"Location Mismatch, High Risk Merchant, Night Transaction"
T0136,C068,M027,2026-04-06T06:46:00.000Z,1791.64,Purchase,Online,City_19,FL,POS,Debit,Customer_68,28,F,City_2,WA,Premium,Merchant_27,City_12,CA,High,0,1,1,6,0,2,0,40,No,Medium,"Location Mismatch, High Risk Merchant"
T0942,C068,M004,2026-04-03T06:39:00.000Z,2952.22,Purchase,Grocery,City_5,IL,POS,Debit,Customer_68,28,F,City_2,WA,Premium,Merchant_4,City_3,TX,Medium,1,1,0,6,0,2,0,65,Yes,High,"High Amount, Location Mismatch"
T0241,C068,M011,2026-04-05T09:05:00.000Z,3585.43,Purchase,Luxury,City_9,NY,Online,Credit,Customer_68,28,F,City_2,WA,Premium,Merchant_11,City_20,IL,High,1,1,1,9,0,1,0,80,Yes,High,"High Amount, Location Mismatch, High Risk Merchant"
T0627,C068,M007,2026-04-04T11:45:00.000Z,2357.5,Purchase,Retail,City_14,NY,POS,Credit,Customer_68,28,F,City_2,WA,Premium,Merchant_7,City_10,FL,High,1,1,1,11,0,1,0,80,Yes,High,"High Amount, Location Mismatch, High Risk Merchant"
T0471,C068,M011,2026-04-01T13:05:00.000Z,3289.85,Purchase,Luxury,City_14,CA,Online,Credit,Customer_68,28,F,City_2,WA,Premium,Merchant_11,City_20,IL,High,1,1,1,13,0,1,0,80,Yes,High,"High Amount, Location Mismatch, High Risk Merchant"
T0420,C068,M011,2026-04-02T14:33:00.000Z,4022.62,Purchase,Luxury,City_9,TX,POS,Debit,Customer_68,28,F,City_2,WA,Premium,Merchant_11,City_20,IL,High,1,1,1,14,0,1,0,80,Yes,High,"High Amount, Location Mismatch, High Risk Merchant"
T0008,C068,M012,2026-04-06T16:44:00.000Z,3175.82,Purchase,Grocery,City_17,NY,POS,Credit,Customer_68,28,F,City_2,WA,Premium,Merchant_12,City_2,WA,High,1,1,1,16,0,1,0,80,Yes,High,"High Amount, Location Mismatch, High Risk Merchant"
T0758,C068,M001,2026-04-02T22:33:00.000Z,1829.93,Purchase,Luxury,City_5,NY,Online,Credit,Customer_68,28,F,City_2,WA,Premium,Merchant_1,City_16,WA,Medium,0,1,0,22,0,1,0,25,No,Medium,Location Mismatch
T0012,C069,M002,2026-04-05T03:50:00.000Z,1191.01,Purchase,Luxury,City_16,FL,Online,Debit,Customer_69,39,M,City_17,IL,Standard,Merchant_2,City_11,CA,High,0,1,1,3,1,2,0,50,Yes,High,"Location Mismatch, High Risk Merchant, Night Transaction"
T0585,C069,M014,2026-04-03T03:23:00.000Z,4958.32,Purchase,Grocery,City_11,FL,POS,Debit,Customer_69,39,M,City_17,IL,Standard,Merchant_14,City_8,CA,High,1,1,1,3,1,2,0,90,Yes,High,"High Amount, Location Mismatch, High Risk Merchant, Night Transaction"
T0873,C069,M015,2026-04-04T06:21:00.000Z,4727.1,Purchase,Electronics,City_2,IL,POS,Debit,Customer_69,39,M,City_17,IL,Standard,Merchant_15,City_16,FL,Medium,1,0,0,6,0,1,0,40,No,Medium,High Amount
T0019,C069,M020,2026-04-03T10:00:00.000Z,475.46,Purchase,Travel,City_13,WA,POS,Credit,Customer_69,39,M,City_17,IL,Standard,Merchant_20,City_13,TX,Medium,0,1,0,10,0,1,0,25,No,Medium,Location Mismatch
T0354,C069,M016,2026-04-07T11:44:00.000Z,2163.14,Purchase,Retail,City_6,CA,POS,Debit,Customer_69,39,M,City_17,IL,Standard,Merchant_16,City_5,CA,Medium,1,1,0,11,0,2,0,65,Yes,High,"High Amount, Location Mismatch"
T0782,C069,M012,2026-04-05T11:44:00.000Z,601.51,Purchase,Grocery,City_8,IL,POS,Credit,Customer_69,39,M,City_17,IL,Standard,Merchant_12,City_2,WA,High,0,0,1,11,0,2,0,15,No,Low,High Risk Merchant
T0430,C069,M026,2026-04-02T12:25:00.000Z,1861.72,Purchase,Retail,City_4,WA,Online,Debit,Customer_69,39,M,City_17,IL,Standard,Merchant_26,City_17,FL,Low,0,1,0,12,0,1,0,25,No,Medium,Location Mismatch
T0432,C069,M012,2026-04-01T14:10:00.000Z,1728.26,Purchase,Grocery,City_16,CA,Online,Credit,Customer_69,39,M,City_17,IL,Standard,Merchant_12,City_2,WA,High,0,1,1,14,0,2,0,40,No,Medium,"Location Mismatch, High Risk Merchant"
T0483,C069,M014,2026-04-07T14:13:00.000Z,247.04,Purchase,Grocery,City_1,WA,Online,Credit,Customer_69,39,M,City_17,IL,Standard,Merchant_14,City_8,CA,High,0,1,1,14,0,2,0,40,No,Medium,"Location Mismatch, High Risk Merchant"
T0861,C069,M020,2026-04-02T15:29:00.000Z,4237.02,Purchase,Travel,City_15,WA,Online,Credit,Customer_69,39,M,City_17,IL,Standard,Merchant_20,City_13,TX,Medium,1,1,0,15,0,1,0,65,Yes,High,"High Amount, Location Mismatch"
T0713,C069,M006,2026-04-06T19:27:00.000Z,171.83,Purchase,Electronics,City_4,WA,POS,Debit,Customer_69,39,M,City_17,IL,Standard,Merchant_6,City_18,WA,High,0,1,1,19,0,1,0,40,No,Medium,"Location Mismatch, High Risk Merchant"
T0272,C070,M024,2026-04-02T02:41:00.000Z,1155.37,Purchase,Electronics,City_17,TX,Online,Debit,Customer_70,35,F,City_2,NY,Premium,Merchant_24,City_6,FL,High,0,1,1,2,1,1,0,50,Yes,High,"Location Mismatch, High Risk Merchant, Night Transaction"
T0655,C070,M011,2026-04-04T03:39:00.000Z,3776.11,Purchase,Luxury,City_1,IL,Online,Credit,Customer_70,35,F,City_2,NY,Premium,Merchant_11,City_20,IL,High,1,1,1,3,1,2,0,90,Yes,High,"High Amount, Location Mismatch, High Risk Merchant, Night Transaction"
T0311,C070,M007,2026-04-06T03:01:00.000Z,2874.99,Purchase,Retail,City_4,FL,Online,Credit,Customer_70,35,F,City_2,NY,Premium,Merchant_7,City_10,FL,High,1,1,1,3,1,2,0,90,Yes,High,"High Amount, Location Mismatch, High Risk Merchant, Night Transaction"
T0549,C070,M030,2026-04-02T10:26:00.000Z,3243.66,Purchase,Luxury,City_13,IL,Online,Credit,Customer_70,35,F,City_2,NY,Premium,Merchant_30,City_7,TX,Medium,1,1,0,10,0,1,0,65,Yes,High,"High Amount, Location Mismatch"
T0465,C070,M030,2026-04-07T11:58:00.000Z,1887.58,Purchase,Luxury,City_9,IL,POS,Debit,Customer_70,35,F,City_2,NY,Premium,Merchant_30,City_7,TX,Medium,0,1,0,11,0,1,0,25,No,Medium,Location Mismatch
T0170,C070,M007,2026-04-03T22:14:00.000Z,4525.98,Purchase,Retail,City_20,TX,POS,Debit,Customer_70,35,F,City_2,NY,Premium,Merchant_7,City_10,FL,High,1,1,1,22,0,1,0,80,Yes,High,"High Amount, Location Mismatch, High Risk Merchant"
T0518,C071,M027,2026-04-01T00:12:00.000Z,1157.38,Purchase,Online,City_5,NY,Online,Credit,Customer_71,45,F,City_15,CA,Standard,Merchant_27,City_12,CA,High,0,1,1,0,1,1,0,50,Yes,High,"Location Mismatch, High Risk Merchant, Night Transaction"
T0879,C071,M006,2026-04-01T03:11:00.000Z,4595.29,Purchase,Electronics,City_2,WA,POS,Debit,Customer_71,45,F,City_15,CA,Standard,Merchant_6,City_18,WA,High,1,1,1,3,1,1,0,90,Yes,High,"High Amount, Location Mismatch, High Risk Merchant, Night Transaction"
T0830,C071,M019,2026-04-05T05:51:00.000Z,3019.92,Purchase,Luxury,City_9,NY,POS,Debit,Customer_71,45,F,City_15,CA,Standard,Merchant_19,City_10,CA,Low,1,1,0,5,1,1,0,75,Yes,High,"High Amount, Location Mismatch, Night Transaction"
T0860,C071,M028,2026-04-07T06:52:00.000Z,554.17,Purchase,Grocery,City_18,FL,POS,Credit,Customer_71,45,F,City_15,CA,Standard,Merchant_28,City_3,IL,High,0,1,1,6,0,1,0,40,No,Medium,"Location Mismatch, High Risk Merchant"
T0880,C071,M019,2026-04-06T08:51:00.000Z,1791.13,Purchase,Luxury,City_6,CA,Online,Credit,Customer_71,45,F,City_15,CA,Standard,Merchant_19,City_10,CA,Low,0,0,0,8,0,1,0,0,No,Low,""
T0003,C071,M004,2026-04-01T10:33:00.000Z,1150.68,Purchase,Grocery,City_11,NY,POS,Debit,Customer_71,45,F,City_15,CA,Standard,Merchant_4,City_3,TX,Medium,0,1,0,10,0,1,0,25,No,Medium,Location Mismatch
T0900,C071,M006,2026-04-05T11:54:00.000Z,3540.06,Purchase,Electronics,City_1,FL,POS,Debit,Customer_71,45,F,City_15,CA,Standard,Merchant_6,City_18,WA,High,1,1,1,11,0,1,0,80,Yes,High,"High Amount, Location Mismatch, High Risk Merchant"
T0306,C071,M028,2026-04-06T13:24:00.000Z,4057.55,Purchase,Grocery,City_1,CA,Online,Credit,Customer_71,45,F,City_15,CA,Standard,Merchant_28,City_3,IL,High,1,0,1,13,0,2,0,55,Yes,High,"High Amount, High Risk Merchant"
T0405,C071,M023,2026-04-07T13:11:00.000Z,44.12,Purchase,Retail,City_13,WA,Online,Credit,Customer_71,45,F,City_15,CA,Standard,Merchant_23,City_15,TX,High,0,1,1,13,0,2,0,40,No,Medium,"Location Mismatch, High Risk Merchant"
T0504,C071,M022,2026-04-01T16:38:00.000Z,3942.34,Purchase,Online,City_3,FL,POS,Debit,Customer_71,45,F,City_15,CA,Standard,Merchant_22,City_1,TX,Medium,1,1,0,16,0,1,0,65,Yes,High,"High Amount, Location Mismatch"
T0540,C071,M020,2026-04-05T17:29:00.000Z,3082.95,Purchase,Travel,City_18,IL,POS,Debit,Customer_71,45,F,City_15,CA,Standard,Merchant_20,City_13,TX,Medium,1,1,0,17,0,2,0,65,Yes,High,"High Amount, Location Mismatch"
T0438,C071,M026,2026-04-07T17:07:00.000Z,4617.72,Purchase,Retail,City_11,WA,Online,Debit,Customer_71,45,F,City_15,CA,Standard,Merchant_26,City_17,FL,Low,1,1,0,17,0,2,0,65,Yes,High,"High Amount, Location Mismatch"
T0112,C071,M002,2026-04-05T18:12:00.000Z,2047.95,Purchase,Luxury,City_9,FL,Online,Credit,Customer_71,45,F,City_15,CA,Standard,Merchant_2,City_11,CA,High,1,1,1,18,0,1,0,80,Yes,High,"High Amount, Location Mismatch, High Risk Merchant"
T0510,C071,M002,2026-04-07T19:45:00.000Z,3857.87,Purchase,Luxury,City_2,TX,Online,Debit,Customer_71,45,F,City_15,CA,Standard,Merchant_2,City_11,CA,High,1,1,1,19,0,1,0,80,Yes,High,"High Amount, Location Mismatch, High Risk Merchant"
T0364,C072,M005,2026-04-04T02:48:00.000Z,1163.91,Purchase,Luxury,City_9,TX,POS,Credit,Customer_72,41,M,City_9,WA,Standard,Merchant_5,City_17,IL,High,0,1,1,2,1,1,0,50,Yes,High,"Location Mismatch, High Risk Merchant, Night Transaction"
T0051,C072,M013,2026-04-01T04:18:00.000Z,2084.07,Purchase,Retail,City_20,CA,Online,Debit,Customer_72,41,M,City_9,WA,Standard,Merchant_13,City_12,NY,High,1,1,1,4,1,1,0,90,Yes,High,"High Amount, Location Mismatch, High Risk Merchant, Night Transaction"
T0637,C072,M025,2026-04-05T05:07:00.000Z,1297.47,Purchase,Retail,City_14,NY,POS,Credit,Customer_72,41,M,City_9,WA,Standard,Merchant_25,City_5,CA,Medium,0,1,0,5,1,1,0,35,No,Medium,"Location Mismatch, Night Transaction"
T0991,C072,M027,2026-04-02T09:08:00.000Z,4577.87,Purchase,Online,City_18,CA,POS,Credit,Customer_72,41,M,City_9,WA,Standard,Merchant_27,City_12,CA,High,1,1,1,9,0,1,0,80,Yes,High,"High Amount, Location Mismatch, High Risk Merchant"
T0223,C072,M020,2026-04-01T13:27:00.000Z,79.74,Purchase,Travel,City_17,CA,POS,Debit,Customer_72,41,M,City_9,WA,Standard,Merchant_20,City_13,TX,Medium,0,1,0,13,0,1,0,25,No,Medium,Location Mismatch
T0211,C072,M006,2026-04-05T15:54:00.000Z,2920.75,Purchase,Electronics,City_5,IL,Online,Credit,Customer_72,41,M,City_9,WA,Standard,Merchant_6,City_18,WA,High,1,1,1,15,0,1,0,80,Yes,High,"High Amount, Location Mismatch, High Risk Merchant"
T0630,C072,M017,2026-04-04T18:53:00.000Z,982.37,Purchase,Travel,City_3,NY,POS,Credit,Customer_72,41,M,City_9,WA,Standard,Merchant_17,City_1,FL,Low,0,1,0,18,0,1,0,25,No,Medium,Location Mismatch
T0261,C072,M016,2026-04-06T20:48:00.000Z,4230.23,Purchase,Retail,City_10,IL,Online,Debit,Customer_72,41,M,City_9,WA,Standard,Merchant_16,City_5,CA,Medium,1,1,0,20,0,1,0,65,Yes,High,"High Amount, Location Mismatch"
T0878,C072,M024,2026-04-03T21:53:00.000Z,2176.96,Purchase,Electronics,City_17,WA,Online,Debit,Customer_72,41,M,City_9,WA,Standard,Merchant_24,City_6,FL,High,1,0,1,21,0,2,0,55,Yes,High,"High Amount, High Risk Merchant"
T0975,C072,M004,2026-04-03T21:03:00.000Z,1151.9,Purchase,Grocery,City_7,TX,Online,Debit,Customer_72,41,M,City_9,WA,Standard,Merchant_4,City_3,TX,Medium,0,1,0,21,0,2,0,25,No,Medium,Location Mismatch
T0839,C072,M014,2026-04-07T22:35:00.000Z,4815.89,Purchase,Grocery,City_4,NY,POS,Credit,Customer_72,41,M,City_9,WA,Standard,Merchant_14,City_8,CA,High,1,1,1,22,0,1,0,80,Yes,High,"High Amount, Location Mismatch, High Risk Merchant"
T0324,C073,M024,2026-04-07T01:43:00.000Z,590.79,Purchase,Electronics,City_5,IL,Online,Credit,Customer_73,56,M,City_10,IL,Premium,Merchant_24,City_6,FL,High,0,0,1,1,1,1,0,25,No,Medium,"High Risk Merchant, Night Transaction"
T0240,C073,M005,2026-04-06T04:47:00.000Z,1951.19,Purchase,Luxury,City_14,CA,POS,Credit,Customer_73,56,M,City_10,IL,Premium,Merchant_5,City_17,IL,High,0,1,1,4,1,1,0,50,Yes,High,"Location Mismatch, High Risk Merchant, Night Transaction"
T0074,C073,M006,2026-04-07T05:46:00.000Z,1978.38,Purchase,Electronics,City_7,IL,POS,Credit,Customer_73,56,M,City_10,IL,Premium,Merchant_6,City_18,WA,High,0,0,1,5,1,1,0,25,No,Medium,"High Risk Merchant, Night Transaction"
T0351,C073,M023,2026-04-04T08:05:00.000Z,1447.69,Purchase,Retail,City_6,CA,Online,Debit,Customer_73,56,M,City_10,IL,Premium,Merchant_23,City_15,TX,High,0,1,1,8,0,1,0,40,No,Medium,"Location Mismatch, High Risk Merchant"
T0877,C073,M010,2026-04-01T10:31:00.000Z,3600.98,Purchase,Grocery,City_18,FL,POS,Credit,Customer_73,56,M,City_10,IL,Premium,Merchant_10,City_4,NY,Low,1,1,0,10,0,1,0,65,Yes,High,"High Amount, Location Mismatch"
T0707,C073,M026,2026-04-06T12:17:00.000Z,2599.34,Purchase,Retail,City_4,IL,Online,Credit,Customer_73,56,M,City_10,IL,Premium,Merchant_26,City_17,FL,Low,1,0,0,12,0,2,0,40,No,Medium,High Amount
T0414,C073,M004,2026-04-05T12:31:00.000Z,4985.29,Purchase,Grocery,City_16,WA,Online,Credit,Customer_73,56,M,City_10,IL,Premium,Merchant_4,City_3,TX,Medium,1,1,0,12,0,2,0,65,Yes,High,"High Amount, Location Mismatch"
T0825,C073,M012,2026-04-05T17:15:00.000Z,4665.33,Purchase,Grocery,City_20,TX,POS,Debit,Customer_73,56,M,City_10,IL,Premium,Merchant_12,City_2,WA,High,1,1,1,17,0,1,0,80,Yes,High,"High Amount, Location Mismatch, High Risk Merchant"
T0679,C073,M002,2026-04-05T19:22:00.000Z,3102.49,Purchase,Luxury,City_9,WA,POS,Credit,Customer_73,56,M,City_10,IL,Premium,Merchant_2,City_11,CA,High,1,1,1,19,0,1,0,80,Yes,High,"High Amount, Location Mismatch, High Risk Merchant"
T0154,C074,M030,2026-04-05T03:47:00.000Z,4935.24,Purchase,Luxury,City_8,NY,POS,Credit,Customer_74,58,F,City_16,TX,Standard,Merchant_30,City_7,TX,Medium,1,1,0,3,1,3,1,95,Yes,High,"High Amount, Location Mismatch, Night Transaction, Rapid Repeat"
T0442,C074,M014,2026-04-05T03:42:00.000Z,1121.66,Purchase,Grocery,City_16,NY,POS,Debit,Customer_74,58,F,City_16,TX,Standard,Merchant_14,City_8,CA,High,0,1,1,3,1,3,1,70,Yes,High,"Location Mismatch, High Risk Merchant, Night Transaction, Rapid Repeat"
T0110,C074,M004,2026-04-03T03:15:00.000Z,1791.73,Purchase,Grocery,City_5,IL,Online,Credit,Customer_74,58,F,City_16,TX,Standard,Merchant_4,City_3,TX,Medium,0,1,0,3,1,3,1,55,Yes,High,"Location Mismatch, Night Transaction, Rapid Repeat"
T0979,C074,M009,2026-04-05T05:17:00.000Z,170.37,Purchase,Luxury,City_17,TX,Online,Debit,Customer_74,58,F,City_16,TX,Standard,Merchant_9,City_12,IL,High,0,0,1,5,1,1,0,25,No,Medium,"High Risk Merchant, Night Transaction"
T0938,C074,M004,2026-04-02T10:57:00.000Z,4071.96,Purchase,Grocery,City_1,CA,POS,Credit,Customer_74,58,F,City_16,TX,Standard,Merchant_4,City_3,TX,Medium,1,1,0,10,0,1,0,65,Yes,High,"High Amount, Location Mismatch"
T0481,C074,M013,2026-04-02T11:27:00.000Z,2169.24,Purchase,Retail,City_19,FL,Online,Debit,Customer_74,58,F,City_16,TX,Standard,Merchant_13,City_12,NY,High,1,1,1,11,0,1,0,80,Yes,High,"High Amount, Location Mismatch, High Risk Merchant"
T0379,C074,M007,2026-04-01T12:35:00.000Z,1319.97,Purchase,Retail,City_5,TX,POS,Credit,Customer_74,58,F,City_16,TX,Standard,Merchant_7,City_10,FL,High,0,0,1,12,0,1,0,15,No,Low,High Risk Merchant
T0962,C074,M013,2026-04-04T13:29:00.000Z,196.14,Purchase,Retail,City_19,FL,POS,Credit,Customer_74,58,F,City_16,TX,Standard,Merchant_13,City_12,NY,High,0,1,1,13,0,1,0,40,No,Medium,"Location Mismatch, High Risk Merchant"
T0153,C074,M013,2026-04-07T15:58:00.000Z,161.36,Purchase,Retail,City_19,NY,POS,Debit,Customer_74,58,F,City_16,TX,Standard,Merchant_13,City_12,NY,High,0,1,1,15,0,1,0,40,No,Medium,"Location Mismatch, High Risk Merchant"
T0811,C074,M003,2026-04-06T17:54:00.000Z,3796.99,Purchase,Online,City_9,IL,Online,Credit,Customer_74,58,F,City_16,TX,Standard,Merchant_3,City_3,TX,Low,1,1,0,17,0,1,0,65,Yes,High,"High Amount, Location Mismatch"
T0738,C074,M022,2026-04-06T18:04:00.000Z,4664.94,Purchase,Online,City_4,CA,Online,Credit,Customer_74,58,F,City_16,TX,Standard,Merchant_22,City_1,TX,Medium,1,1,0,18,0,1,0,65,Yes,High,"High Amount, Location Mismatch"
T0857,C074,M012,2026-04-07T20:32:00.000Z,1320.9,Purchase,Grocery,City_16,WA,POS,Credit,Customer_74,58,F,City_16,TX,Standard,Merchant_12,City_2,WA,High,0,1,1,20,0,1,0,40,No,Medium,"Location Mismatch, High Risk Merchant"
T0236,C074,M002,2026-04-05T22:25:00.000Z,2928.86,Purchase,Luxury,City_14,NY,POS,Debit,Customer_74,58,F,City_16,TX,Standard,Merchant_2,City_11,CA,High,1,1,1,22,0,1,0,80,Yes,High,"High Amount, Location Mismatch, High Risk Merchant"
T0281,C074,M012,2026-04-06T23:33:00.000Z,4945.97,Purchase,Grocery,City_11,WA,Online,Credit,Customer_74,58,F,City_16,TX,Standard,Merchant_12,City_2,WA,High,1,1,1,23,0,2,0,80,Yes,High,"High Amount, Location Mismatch, High Risk Merchant"
T0952,C074,M021,2026-04-04T23:38:00.000Z,1469.04,Purchase,Electronics,City_9,WA,POS,Debit,Customer_74,58,F,City_16,TX,Standard,Merchant_21,City_16,TX,Low,0,1,0,23,0,2,0,25,No,Medium,Location Mismatch
T0545,C075,M019,2026-04-06T01:46:00.000Z,470.08,Purchase,Luxury,City_7,NY,POS,Debit,Customer_75,61,F,City_11,NY,Standard,Merchant_19,City_10,CA,Low,0,0,0,1,1,2,0,10,No,Low,Night Transaction
T0303,C075,M014,2026-04-03T01:03:00.000Z,2163.55,Purchase,Grocery,City_15,NY,POS,Credit,Customer_75,61,F,City_11,NY,Standard,Merchant_14,City_8,CA,High,1,0,1,1,1,2,0,65,Yes,High,"High Amount, High Risk Merchant, Night Transaction"
T0641,C075,M020,2026-04-03T05:18:00.000Z,4438.65,Purchase,Travel,City_10,IL,Online,Debit,Customer_75,61,F,City_11,NY,Standard,Merchant_20,City_13,TX,Medium,1,1,0,5,1,1,0,75,Yes,High,"High Amount, Location Mismatch, Night Transaction"
T0111,C075,M005,2026-04-06T06:05:00.000Z,3410.36,Purchase,Luxury,City_17,WA,Online,Credit,Customer_75,61,F,City_11,NY,Standard,Merchant_5,City_17,IL,High,1,1,1,6,0,1,0,80,Yes,High,"High Amount, Location Mismatch, High Risk Merchant"
T0258,C075,M026,2026-04-01T07:15:00.000Z,4832.67,Purchase,Retail,City_20,CA,Online,Credit,Customer_75,61,F,City_11,NY,Standard,Merchant_26,City_17,FL,Low,1,1,0,7,0,1,0,65,Yes,High,"High Amount, Location Mismatch"
T0155,C075,M001,2026-04-05T09:26:00.000Z,4430.8,Purchase,Luxury,City_14,CA,Online,Debit,Customer_75,61,F,City_11,NY,Standard,Merchant_1,City_16,WA,Medium,1,1,0,9,0,1,0,65,Yes,High,"High Amount, Location Mismatch"
T0765,C075,M028,2026-04-04T11:13:00.000Z,1666.6,Purchase,Grocery,City_6,CA,Online,Debit,Customer_75,61,F,City_11,NY,Standard,Merchant_28,City_3,IL,High,0,1,1,11,0,2,0,40,No,Medium,"Location Mismatch, High Risk Merchant"
T0967,C075,M018,2026-04-02T11:40:00.000Z,587.83,Purchase,Electronics,City_3,NY,POS,Credit,Customer_75,61,F,City_11,NY,Standard,Merchant_18,City_1,IL,High,0,0,1,11,0,2,0,15,No,Low,High Risk Merchant
T0028,C075,M022,2026-04-06T12:10:00.000Z,4850.41,Purchase,Online,City_9,NY,Online,Debit,Customer_75,61,F,City_11,NY,Standard,Merchant_22,City_1,TX,Medium,1,0,0,12,0,1,0,40,No,Medium,High Amount
T0656,C075,M022,2026-04-05T22:48:00.000Z,403.37,Purchase,Online,City_15,TX,Online,Debit,Customer_75,61,F,City_11,NY,Standard,Merchant_22,City_1,TX,Medium,0,1,0,22,0,1,0,25,No,Medium,Location Mismatch
T0812,C076,M010,2026-04-02T02:57:00.000Z,515.56,Purchase,Grocery,City_11,WA,Online,Credit,Customer_76,32,F,City_20,WA,Standard,Merchant_10,City_4,NY,Low,0,0,0,2,1,1,0,10,No,Low,Night Transaction
T0208,C076,M005,2026-04-07T06:01:00.000Z,4296.14,Purchase,Luxury,City_7,IL,Online,Debit,Customer_76,32,F,City_20,WA,Standard,Merchant_5,City_17,IL,High,1,1,1,6,0,1,0,80,Yes,High,"High Amount, Location Mismatch, High Risk Merchant"
T0478,C076,M014,2026-04-05T08:15:00.000Z,1900.78,Purchase,Grocery,City_19,WA,Online,Credit,Customer_76,32,F,City_20,WA,Standard,Merchant_14,City_8,CA,High,0,0,1,8,0,1,0,15,No,Low,High Risk Merchant
T0022,C076,M008,2026-04-02T10:49:00.000Z,1564.52,Purchase,Travel,City_17,WA,Online,Credit,Customer_76,32,F,City_20,WA,Standard,Merchant_8,City_13,IL,Medium,0,0,0,10,0,1,0,0,No,Low,""
T0433,C076,M002,2026-04-04T14:47:00.000Z,601.01,Purchase,Luxury,City_11,WA,Online,Credit,Customer_76,32,F,City_20,WA,Standard,Merchant_2,City_11,CA,High,0,0,1,14,0,1,0,15,No,Low,High Risk Merchant
T0185,C076,M018,2026-04-03T19:46:00.000Z,1939.62,Purchase,Electronics,City_5,TX,POS,Credit,Customer_76,32,F,City_20,WA,Standard,Merchant_18,City_1,IL,High,0,1,1,19,0,1,0,40,No,Medium,"Location Mismatch, High Risk Merchant"
T0762,C077,M024,2026-04-02T02:56:00.000Z,977.03,Purchase,Electronics,City_12,WA,POS,Credit,Customer_77,60,M,City_10,CA,Premium,Merchant_24,City_6,FL,High,0,1,1,2,1,1,0,50,Yes,High,"Location Mismatch, High Risk Merchant, Night Transaction"
T0427,C077,M011,2026-04-07T03:27:00.000Z,1729.4,Purchase,Luxury,City_10,IL,POS,Debit,Customer_77,60,M,City_10,CA,Premium,Merchant_11,City_20,IL,High,0,1,1,3,1,2,0,50,Yes,High,"Location Mismatch, High Risk Merchant, Night Transaction"
T0037,C077,M002,2026-04-04T03:56:00.000Z,4289.75,Purchase,Luxury,City_15,TX,Online,Debit,Customer_77,60,M,City_10,CA,Premium,Merchant_2,City_11,CA,High,1,1,1,3,1,2,0,90,Yes,High,"High Amount, Location Mismatch, High Risk Merchant, Night Transaction"
T0232,C077,M016,2026-04-07T05:32:00.000Z,696.71,Purchase,Retail,City_18,CA,POS,Debit,Customer_77,60,M,City_10,CA,Premium,Merchant_16,City_5,CA,Medium,0,0,0,5,1,2,0,10,No,Low,Night Transaction
T0474,C077,M018,2026-04-02T05:31:00.000Z,456.34,Purchase,Electronics,City_6,FL,POS,Credit,Customer_77,60,M,City_10,CA,Premium,Merchant_18,City_1,IL,High,0,1,1,5,1,2,0,50,Yes,High,"Location Mismatch, High Risk Merchant, Night Transaction"
T0345,C077,M005,2026-04-06T10:07:00.000Z,3726.73,Purchase,Luxury,City_5,FL,POS,Credit,Customer_77,60,M,City_10,CA,Premium,Merchant_5,City_17,IL,High,1,1,1,10,0,1,0,80,Yes,High,"High Amount, Location Mismatch, High Risk Merchant"
T0748,C077,M028,2026-04-02T23:43:00.000Z,4890.77,Purchase,Grocery,City_10,WA,Online,Credit,Customer_77,60,M,City_10,CA,Premium,Merchant_28,City_3,IL,High,1,1,1,23,0,1,0,80,Yes,High,"High Amount, Location Mismatch, High Risk Merchant"
T0945,C078,M025,2026-04-04T06:34:00.000Z,1418.26,Purchase,Retail,City_4,CA,POS,Credit,Customer_78,45,M,City_9,CA,Standard,Merchant_25,City_5,CA,Medium,0,0,0,6,0,1,0,0,No,Low,""
T0548,C078,M001,2026-04-02T15:01:00.000Z,495.98,Purchase,Luxury,City_7,TX,POS,Credit,Customer_78,45,M,City_9,CA,Standard,Merchant_1,City_16,WA,Medium,0,1,0,15,0,1,0,25,No,Medium,Location Mismatch
T0740,C079,M015,2026-04-03T03:58:00.000Z,4224.69,Purchase,Electronics,City_2,FL,POS,Credit,Customer_79,56,F,City_14,WA,Premium,Merchant_15,City_16,FL,Medium,1,1,0,3,1,1,0,75,Yes,High,"High Amount, Location Mismatch, Night Transaction"
T0680,C079,M013,2026-04-06T04:10:00.000Z,942.26,Purchase,Retail,City_17,CA,POS,Credit,Customer_79,56,F,City_14,WA,Premium,Merchant_13,City_12,NY,High,0,1,1,4,1,1,0,50,Yes,High,"Location Mismatch, High Risk Merchant, Night Transaction"
T0188,C079,M001,2026-04-02T06:11:00.000Z,3414.14,Purchase,Luxury,City_6,IL,POS,Credit,Customer_79,56,F,City_14,WA,Premium,Merchant_1,City_16,WA,Medium,1,1,0,6,0,1,0,65,Yes,High,"High Amount, Location Mismatch"
T0503,C079,M003,2026-04-07T08:39:00.000Z,1130.09,Purchase,Online,City_16,IL,POS,Debit,Customer_79,56,F,City_14,WA,Premium,Merchant_3,City_3,TX,Low,0,1,0,8,0,1,0,25,No,Medium,Location Mismatch
T0924,C079,M005,2026-04-01T11:34:00.000Z,4684.14,Purchase,Luxury,City_14,CA,Online,Debit,Customer_79,56,F,City_14,WA,Premium,Merchant_5,City_17,IL,High,1,1,1,11,0,1,0,80,Yes,High,"High Amount, Location Mismatch, High Risk Merchant"
T0295,C079,M016,2026-04-07T17:11:00.000Z,863.06,Purchase,Retail,City_11,CA,POS,Credit,Customer_79,56,F,City_14,WA,Premium,Merchant_16,City_5,CA,Medium,0,1,0,17,0,1,0,25,No,Medium,Location Mismatch
T0691,C079,M001,2026-04-01T19:58:00.000Z,1700.9,Purchase,Luxury,City_7,CA,Online,Credit,Customer_79,56,F,City_14,WA,Premium,Merchant_1,City_16,WA,Medium,0,1,0,19,0,1,0,25,No,Medium,Location Mismatch
T0299,C079,M017,2026-04-03T21:47:00.000Z,1672.78,Purchase,Travel,City_10,IL,Online,Credit,Customer_79,56,F,City_14,WA,Premium,Merchant_17,City_1,FL,Low,0,1,0,21,0,1,0,25,No,Medium,Location Mismatch
T0001,C079,M029,2026-04-06T22:10:00.000Z,1014.87,Purchase,Travel,City_18,CA,Online,Debit,Customer_79,56,F,City_14,WA,Premium,Merchant_29,City_3,IL,Low,0,1,0,22,0,1,0,25,No,Medium,Location Mismatch
T0599,C080,M017,2026-04-07T02:12:00.000Z,3395.1,Purchase,Travel,City_2,CA,POS,Credit,Customer_80,47,M,City_7,IL,Standard,Merchant_17,City_1,FL,Low,1,1,0,2,1,1,0,75,Yes,High,"High Amount, Location Mismatch, Night Transaction"
T0612,C080,M010,2026-04-06T06:38:00.000Z,4589.76,Purchase,Grocery,City_5,WA,Online,Credit,Customer_80,47,M,City_7,IL,Standard,Merchant_10,City_4,NY,Low,1,1,0,6,0,1,0,65,Yes,High,"High Amount, Location Mismatch"
T0088,C080,M015,2026-04-04T09:46:00.000Z,3438.05,Purchase,Electronics,City_13,TX,Online,Debit,Customer_80,47,M,City_7,IL,Standard,Merchant_15,City_16,FL,Medium,1,1,0,9,0,1,0,65,Yes,High,"High Amount, Location Mismatch"
T0413,C080,M017,2026-04-04T10:02:00.000Z,2243.87,Purchase,Travel,City_2,TX,Online,Debit,Customer_80,47,M,City_7,IL,Standard,Merchant_17,City_1,FL,Low,1,1,0,10,0,2,0,65,Yes,High,"High Amount, Location Mismatch"
T0982,C080,M018,2026-04-01T10:24:00.000Z,1456.58,Purchase,Electronics,City_10,FL,POS,Debit,Customer_80,47,M,City_7,IL,Standard,Merchant_18,City_1,IL,High,0,1,1,10,0,2,0,40,No,Medium,"Location Mismatch, High Risk Merchant"
T0320,C080,M024,2026-04-01T14:13:00.000Z,2682.04,Purchase,Electronics,City_7,CA,Online,Debit,Customer_80,47,M,City_7,IL,Standard,Merchant_24,City_6,FL,High,1,1,1,14,0,1,0,80,Yes,High,"High Amount, Location Mismatch, High Risk Merchant"
T0724,C080,M022,2026-04-05T20:52:00.000Z,3278.91,Purchase,Online,City_17,IL,Online,Credit,Customer_80,47,M,City_7,IL,Standard,Merchant_22,City_1,TX,Medium,1,0,0,20,0,1,0,40,No,Medium,High Amount
T0451,C080,M002,2026-04-04T21:51:00.000Z,2667.82,Purchase,Luxury,City_20,NY,Online,Debit,Customer_80,47,M,City_7,IL,Standard,Merchant_2,City_11,CA,High,1,1,1,21,0,1,0,80,Yes,High,"High Amount, Location Mismatch, High Risk Merchant"
T0489,C080,M003,2026-04-01T23:22:00.000Z,2202.9,Purchase,Online,City_5,CA,POS,Debit,Customer_80,47,M,City_7,IL,Standard,Merchant_3,City_3,TX,Low,1,1,0,23,0,1,0,65,Yes,High,"High Amount, Location Mismatch"
T0659,C081,M004,2026-04-02T00:13:00.000Z,2182.27,Purchase,Grocery,City_1,FL,Online,Debit,Customer_81,36,F,City_3,IL,Premium,Merchant_4,City_3,TX,Medium,1,1,0,0,1,1,0,75,Yes,High,"High Amount, Location Mismatch, Night Transaction"
T0822,C081,M016,2026-04-04T01:28:00.000Z,4422.88,Purchase,Retail,City_20,FL,Online,Debit,Customer_81,36,F,City_3,IL,Premium,Merchant_16,City_5,CA,Medium,1,1,0,1,1,1,0,75,Yes,High,"High Amount, Location Mismatch, Night Transaction"
T0018,C081,M004,2026-04-04T03:36:00.000Z,346.42,Purchase,Grocery,City_1,TX,Online,Credit,Customer_81,36,F,City_3,IL,Premium,Merchant_4,City_3,TX,Medium,0,1,0,3,1,1,0,35,No,Medium,"Location Mismatch, Night Transaction"
T0425,C081,M005,2026-04-01T05:02:00.000Z,15.78,Purchase,Luxury,City_16,NY,POS,Debit,Customer_81,36,F,City_3,IL,Premium,Merchant_5,City_17,IL,High,0,1,1,5,1,1,0,50,Yes,High,"Location Mismatch, High Risk Merchant, Night Transaction"
T0572,C081,M002,2026-04-06T06:13:00.000Z,3626.89,Purchase,Luxury,City_11,WA,Online,Debit,Customer_81,36,F,City_3,IL,Premium,Merchant_2,City_11,CA,High,1,1,1,6,0,2,0,80,Yes,High,"High Amount, Location Mismatch, High Risk Merchant"
T0016,C081,M027,2026-04-02T06:28:00.000Z,3975.58,Purchase,Online,City_2,WA,Online,Credit,Customer_81,36,F,City_3,IL,Premium,Merchant_27,City_12,CA,High,1,1,1,6,0,2,0,80,Yes,High,"High Amount, Location Mismatch, High Risk Merchant"
T0937,C081,M005,2026-04-05T08:02:00.000Z,4261.83,Purchase,Luxury,City_17,IL,Online,Credit,Customer_81,36,F,City_3,IL,Premium,Merchant_5,City_17,IL,High,1,0,1,8,0,1,0,55,Yes,High,"High Amount, High Risk Merchant"
T0666,C081,M002,2026-04-06T11:24:00.000Z,3217.82,Purchase,Luxury,City_4,IL,Online,Credit,Customer_81,36,F,City_3,IL,Premium,Merchant_2,City_11,CA,High,1,0,1,11,0,2,0,55,Yes,High,"High Amount, High Risk Merchant"
T0689,C081,M023,2026-04-04T11:53:00.000Z,2423.32,Purchase,Retail,City_15,TX,Online,Debit,Customer_81,36,F,City_3,IL,Premium,Merchant_23,City_15,TX,High,1,1,1,11,0,2,0,80,Yes,High,"High Amount, Location Mismatch, High Risk Merchant"
T0468,C081,M026,2026-04-04T15:22:00.000Z,1544.43,Purchase,Retail,City_20,WA,Online,Credit,Customer_81,36,F,City_3,IL,Premium,Merchant_26,City_17,FL,Low,0,1,0,15,0,1,0,25,No,Medium,Location Mismatch
T0664,C081,M021,2026-04-03T16:32:00.000Z,2208.43,Purchase,Electronics,City_16,WA,POS,Debit,Customer_81,36,F,City_3,IL,Premium,Merchant_21,City_16,TX,Low,1,1,0,16,0,1,0,65,Yes,High,"High Amount, Location Mismatch"
T0034,C081,M028,2026-04-04T17:52:00.000Z,1430.68,Purchase,Grocery,City_4,TX,Online,Credit,Customer_81,36,F,City_3,IL,Premium,Merchant_28,City_3,IL,High,0,1,1,17,0,1,0,40,No,Medium,"Location Mismatch, High Risk Merchant"
T0946,C081,M022,2026-04-06T19:34:00.000Z,2568.67,Purchase,Online,City_1,TX,Online,Credit,Customer_81,36,F,City_3,IL,Premium,Merchant_22,City_1,TX,Medium,1,1,0,19,0,1,0,65,Yes,High,"High Amount, Location Mismatch"
T0769,C081,M013,2026-04-05T22:14:00.000Z,4867.84,Purchase,Retail,City_3,FL,POS,Credit,Customer_81,36,F,City_3,IL,Premium,Merchant_13,City_12,NY,High,1,1,1,22,0,1,0,80,Yes,High,"High Amount, Location Mismatch, High Risk Merchant"
T0890,C081,M002,2026-04-04T23:34:00.000Z,4469.91,Purchase,Luxury,City_10,FL,POS,Debit,Customer_81,36,F,City_3,IL,Premium,Merchant_2,City_11,CA,High,1,1,1,23,0,1,0,80,Yes,High,"High Amount, Location Mismatch, High Risk Merchant"
T0500,C082,M001,2026-04-04T01:21:00.000Z,1365.93,Purchase,Luxury,City_8,IL,Online,Credit,Customer_82,49,M,City_14,NY,Standard,Merchant_1,City_16,WA,Medium,0,1,0,1,1,1,0,35,No,Medium,"Location Mismatch, Night Transaction"
T0089,C082,M027,2026-04-04T03:45:00.000Z,2687.25,Purchase,Online,City_14,NY,POS,Debit,Customer_82,49,M,City_14,NY,Standard,Merchant_27,City_12,CA,High,1,0,1,3,1,2,0,65,Yes,High,"High Amount, High Risk Merchant, Night Transaction"
T0128,C082,M003,2026-04-06T03:06:00.000Z,4456.9,Purchase,Online,City_12,TX,Online,Debit,Customer_82,49,M,City_14,NY,Standard,Merchant_3,City_3,TX,Low,1,1,0,3,1,2,0,75,Yes,High,"High Amount, Location Mismatch, Night Transaction"
T0147,C082,M026,2026-04-05T04:56:00.000Z,3978.69,Purchase,Retail,City_3,CA,Online,Debit,Customer_82,49,M,City_14,NY,Standard,Merchant_26,City_17,FL,Low,1,1,0,4,1,1,0,75,Yes,High,"High Amount, Location Mismatch, Night Transaction"
T0373,C082,M027,2026-04-07T06:58:00.000Z,2105.34,Purchase,Online,City_18,IL,POS,Credit,Customer_82,49,M,City_14,NY,Standard,Merchant_27,City_12,CA,High,1,1,1,6,0,2,0,80,Yes,High,"High Amount, Location Mismatch, High Risk Merchant"
T0046,C082,M021,2026-04-03T06:05:00.000Z,14.31,Purchase,Electronics,City_3,IL,Online,Credit,Customer_82,49,M,City_14,NY,Standard,Merchant_21,City_16,TX,Low,0,1,0,6,0,2,0,25,No,Medium,Location Mismatch
T0807,C082,M017,2026-04-04T08:06:00.000Z,3055.15,Purchase,Travel,City_14,WA,POS,Debit,Customer_82,49,M,City_14,NY,Standard,Merchant_17,City_1,FL,Low,1,1,0,8,0,1,0,65,Yes,High,"High Amount, Location Mismatch"
T0606,C082,M018,2026-04-04T13:38:00.000Z,2602.09,Purchase,Electronics,City_12,FL,Online,Debit,Customer_82,49,M,City_14,NY,Standard,Merchant_18,City_1,IL,High,1,1,1,13,0,1,0,80,Yes,High,"High Amount, Location Mismatch, High Risk Merchant"
T0684,C082,M025,2026-04-05T14:59:00.000Z,1458.66,Purchase,Retail,City_9,WA,Online,Debit,Customer_82,49,M,City_14,NY,Standard,Merchant_25,City_5,CA,Medium,0,1,0,14,0,1,0,25,No,Medium,Location Mismatch
T0789,C082,M018,2026-04-01T15:13:00.000Z,1201.44,Purchase,Electronics,City_6,CA,Online,Credit,Customer_82,49,M,City_14,NY,Standard,Merchant_18,City_1,IL,High,0,1,1,15,0,1,0,40,No,Medium,"Location Mismatch, High Risk Merchant"
T0356,C082,M003,2026-04-06T18:51:00.000Z,2705.59,Purchase,Online,City_19,TX,POS,Debit,Customer_82,49,M,City_14,NY,Standard,Merchant_3,City_3,TX,Low,1,1,0,18,0,1,0,65,Yes,High,"High Amount, Location Mismatch"
T0779,C082,M021,2026-04-03T23:14:00.000Z,4513.65,Purchase,Electronics,City_20,IL,POS,Credit,Customer_82,49,M,City_14,NY,Standard,Merchant_21,City_16,TX,Low,1,1,0,23,0,1,0,65,Yes,High,"High Amount, Location Mismatch"
T0322,C083,M021,2026-04-03T00:30:00.000Z,1746.17,Purchase,Electronics,City_10,FL,Online,Credit,Customer_83,53,M,City_16,IL,Premium,Merchant_21,City_16,TX,Low,0,1,0,0,1,1,0,35,No,Medium,"Location Mismatch, Night Transaction"
T0120,C083,M003,2026-04-01T04:17:00.000Z,1756.15,Purchase,Online,City_1,IL,Online,Debit,Customer_83,53,M,City_16,IL,Premium,Merchant_3,City_3,TX,Low,0,0,0,4,1,1,0,10,No,Low,Night Transaction
T0195,C083,M025,2026-04-04T05:48:00.000Z,3999.19,Purchase,Retail,City_7,WA,Online,Credit,Customer_83,53,M,City_16,IL,Premium,Merchant_25,City_5,CA,Medium,1,1,0,5,1,2,0,75,Yes,High,"High Amount, Location Mismatch, Night Transaction"
T0396,C083,M007,2026-04-06T05:01:00.000Z,4080.75,Purchase,Retail,City_16,NY,Online,Credit,Customer_83,53,M,City_16,IL,Premium,Merchant_7,City_10,FL,High,1,1,1,5,1,2,0,90,Yes,High,"High Amount, Location Mismatch, High Risk Merchant, Night Transaction"
T0611,C083,M028,2026-04-07T10:20:00.000Z,1599.06,Purchase,Grocery,City_18,TX,Online,Credit,Customer_83,53,M,City_16,IL,Premium,Merchant_28,City_3,IL,High,0,1,1,10,0,1,0,40,No,Medium,"Location Mismatch, High Risk Merchant"
T0142,C083,M009,2026-04-06T11:07:00.000Z,4746.94,Purchase,Luxury,City_4,CA,Online,Debit,Customer_83,53,M,City_16,IL,Premium,Merchant_9,City_12,IL,High,1,1,1,11,0,1,0,80,Yes,High,"High Amount, Location Mismatch, High Risk Merchant"
T0968,C083,M009,2026-04-04T13:21:00.000Z,302.58,Purchase,Luxury,City_19,WA,Online,Debit,Customer_83,53,M,City_16,IL,Premium,Merchant_9,City_12,IL,High,0,1,1,13,0,1,0,40,No,Medium,"Location Mismatch, High Risk Merchant"
T0486,C083,M001,2026-04-07T14:29:00.000Z,1775.61,Purchase,Luxury,City_14,TX,POS,Credit,Customer_83,53,M,City_16,IL,Premium,Merchant_1,City_16,WA,Medium,0,1,0,14,0,1,0,25,No,Medium,Location Mismatch
T0881,C083,M012,2026-04-03T16:47:00.000Z,3106.4,Purchase,Grocery,City_2,IL,POS,Debit,Customer_83,53,M,City_16,IL,Premium,Merchant_12,City_2,WA,High,1,0,1,16,0,1,0,55,Yes,High,"High Amount, High Risk Merchant"
T0107,C083,M018,2026-04-07T17:00:00.000Z,1079.98,Purchase,Electronics,City_1,IL,POS,Debit,Customer_83,53,M,City_16,IL,Premium,Merchant_18,City_1,IL,High,0,0,1,17,0,1,0,15,No,Low,High Risk Merchant
T0027,C083,M005,2026-04-01T18:50:00.000Z,1414.45,Purchase,Luxury,City_1,CA,POS,Debit,Customer_83,53,M,City_16,IL,Premium,Merchant_5,City_17,IL,High,0,1,1,18,0,1,0,40,No,Medium,"Location Mismatch, High Risk Merchant"
T0280,C083,M021,2026-04-01T20:29:00.000Z,3725.1,Purchase,Electronics,City_10,IL,POS,Credit,Customer_83,53,M,City_16,IL,Premium,Merchant_21,City_16,TX,Low,1,0,0,20,0,1,0,40,No,Medium,High Amount
T0999,C083,M026,2026-04-02T21:57:00.000Z,3394.98,Purchase,Retail,City_14,WA,Online,Debit,Customer_83,53,M,City_16,IL,Premium,Merchant_26,City_17,FL,Low,1,1,0,21,0,2,0,65,Yes,High,"High Amount, Location Mismatch"
T0344,C083,M004,2026-04-01T21:01:00.000Z,1613.65,Purchase,Grocery,City_13,TX,POS,Credit,Customer_83,53,M,City_16,IL,Premium,Merchant_4,City_3,TX,Medium,0,1,0,21,0,2,0,25,No,Medium,Location Mismatch
T0415,C083,M005,2026-04-02T22:05:00.000Z,3365.19,Purchase,Luxury,City_15,IL,Online,Credit,Customer_83,53,M,City_16,IL,Premium,Merchant_5,City_17,IL,High,1,0,1,22,0,1,0,55,Yes,High,"High Amount, High Risk Merchant"
T0313,C084,M004,2026-04-02T01:01:00.000Z,3111.21,Purchase,Grocery,City_2,WA,POS,Debit,Customer_84,33,F,City_1,TX,Premium,Merchant_4,City_3,TX,Medium,1,1,0,1,1,1,0,75,Yes,High,"High Amount, Location Mismatch, Night Transaction"
T0578,C084,M026,2026-04-03T02:17:00.000Z,2044.88,Purchase,Retail,City_6,IL,Online,Debit,Customer_84,33,F,City_1,TX,Premium,Merchant_26,City_17,FL,Low,1,1,0,2,1,2,0,75,Yes,High,"High Amount, Location Mismatch, Night Transaction"
T0843,C084,M023,2026-04-04T02:25:00.000Z,1836.21,Purchase,Retail,City_15,IL,Online,Debit,Customer_84,33,F,City_1,TX,Premium,Merchant_23,City_15,TX,High,0,1,1,2,1,2,0,50,Yes,High,"Location Mismatch, High Risk Merchant, Night Transaction"
T0296,C084,M008,2026-04-02T04:25:00.000Z,3305.5,Purchase,Travel,City_20,CA,Online,Debit,Customer_84,33,F,City_1,TX,Premium,Merchant_8,City_13,IL,Medium,1,1,0,4,1,2,0,75,Yes,High,"High Amount, Location Mismatch, Night Transaction"
T0905,C084,M008,2026-04-05T04:55:00.000Z,4798.65,Purchase,Travel,City_14,WA,Online,Debit,Customer_84,33,F,City_1,TX,Premium,Merchant_8,City_13,IL,Medium,1,1,0,4,1,2,0,75,Yes,High,"High Amount, Location Mismatch, Night Transaction"
T0708,C084,M023,2026-04-04T06:56:00.000Z,1265.18,Purchase,Retail,City_12,FL,Online,Debit,Customer_84,33,F,City_1,TX,Premium,Merchant_23,City_15,TX,High,0,1,1,6,0,1,0,40,No,Medium,"Location Mismatch, High Risk Merchant"
T0865,C084,M015,2026-04-01T08:56:00.000Z,2593.25,Purchase,Electronics,City_14,IL,POS,Debit,Customer_84,33,F,City_1,TX,Premium,Merchant_15,City_16,FL,Medium,1,1,0,8,0,1,0,65,Yes,High,"High Amount, Location Mismatch"
T0668,C084,M016,2026-04-04T11:11:00.000Z,1235.37,Purchase,Retail,City_17,NY,Online,Debit,Customer_84,33,F,City_1,TX,Premium,Merchant_16,City_5,CA,Medium,0,1,0,11,0,1,0,25,No,Medium,Location Mismatch
T0167,C084,M030,2026-04-06T12:56:00.000Z,2446.97,Purchase,Luxury,City_17,CA,POS,Debit,Customer_84,33,F,City_1,TX,Premium,Merchant_30,City_7,TX,Medium,1,1,0,12,0,1,0,65,Yes,High,"High Amount, Location Mismatch"
T0649,C084,M029,2026-04-02T14:29:00.000Z,3907.94,Purchase,Travel,City_3,CA,Online,Debit,Customer_84,33,F,City_1,TX,Premium,Merchant_29,City_3,IL,Low,1,1,0,14,0,1,0,65,Yes,High,"High Amount, Location Mismatch"
T0512,C084,M023,2026-04-07T15:56:00.000Z,3371.86,Purchase,Retail,City_7,IL,Online,Credit,Customer_84,33,F,City_1,TX,Premium,Merchant_23,City_15,TX,High,1,1,1,15,0,1,0,80,Yes,High,"High Amount, Location Mismatch, High Risk Merchant"
T0916,C084,M014,2026-04-01T19:05:00.000Z,1827.8,Purchase,Grocery,City_5,WA,POS,Debit,Customer_84,33,F,City_1,TX,Premium,Merchant_14,City_8,CA,High,0,1,1,19,0,1,0,40,No,Medium,"Location Mismatch, High Risk Merchant"
T0049,C084,M013,2026-04-03T21:37:00.000Z,4808.35,Purchase,Retail,City_16,IL,POS,Credit,Customer_84,33,F,City_1,TX,Premium,Merchant_13,City_12,NY,High,1,1,1,21,0,1,0,80,Yes,High,"High Amount, Location Mismatch, High Risk Merchant"
T0418,C085,M005,2026-04-04T04:46:00.000Z,1400.13,Purchase,Luxury,City_2,IL,POS,Credit,Customer_85,42,M,City_19,FL,Premium,Merchant_5,City_17,IL,High,0,1,1,4,1,1,0,50,Yes,High,"Location Mismatch, High Risk Merchant, Night Transaction"
T0207,C085,M027,2026-04-07T10:19:00.000Z,966.18,Purchase,Online,City_17,IL,POS,Debit,Customer_85,42,M,City_19,FL,Premium,Merchant_27,City_12,CA,High,0,1,1,10,0,2,0,40,No,Medium,"Location Mismatch, High Risk Merchant"
T0669,C085,M029,2026-04-06T10:54:00.000Z,178.09,Purchase,Travel,City_1,NY,POS,Credit,Customer_85,42,M,City_19,FL,Premium,Merchant_29,City_3,IL,Low,0,1,0,10,0,2,0,25,No,Medium,Location Mismatch
T0550,C085,M018,2026-04-05T17:52:00.000Z,3531.91,Purchase,Electronics,City_8,CA,POS,Credit,Customer_85,42,M,City_19,FL,Premium,Merchant_18,City_1,IL,High,1,1,1,17,0,2,0,80,Yes,High,"High Amount, Location Mismatch, High Risk Merchant"
T0315,C085,M022,2026-04-04T17:44:00.000Z,1971.89,Purchase,Online,City_15,WA,Online,Credit,Customer_85,42,M,City_19,FL,Premium,Merchant_22,City_1,TX,Medium,0,1,0,17,0,2,0,25,No,Medium,Location Mismatch
T0892,C085,M017,2026-04-03T18:46:00.000Z,1911.51,Purchase,Travel,City_10,IL,POS,Credit,Customer_85,42,M,City_19,FL,Premium,Merchant_17,City_1,FL,Low,0,1,0,18,0,2,0,25,No,Medium,Location Mismatch
T0068,C085,M012,2026-04-02T18:57:00.000Z,3114.69,Purchase,Grocery,City_13,FL,Online,Debit,Customer_85,42,M,City_19,FL,Premium,Merchant_12,City_2,WA,High,1,0,1,18,0,2,0,55,Yes,High,"High Amount, High Risk Merchant"
T0176,C085,M016,2026-04-01T22:46:00.000Z,3005.41,Purchase,Retail,City_13,IL,POS,Credit,Customer_85,42,M,City_19,FL,Premium,Merchant_16,City_5,CA,Medium,1,1,0,22,0,1,0,65,Yes,High,"High Amount, Location Mismatch"
T0429,C086,M003,2026-04-07T03:09:00.000Z,1431.97,Purchase,Online,City_3,TX,Online,Debit,Customer_86,42,F,City_17,NY,Premium,Merchant_3,City_3,TX,Low,0,1,0,3,1,1,0,35,No,Medium,"Location Mismatch, Night Transaction"
T0461,C086,M024,2026-04-02T05:01:00.000Z,4326.66,Purchase,Electronics,City_9,FL,Online,Credit,Customer_86,42,F,City_17,NY,Premium,Merchant_24,City_6,FL,High,1,1,1,5,1,1,0,90,Yes,High,"High Amount, Location Mismatch, High Risk Merchant, Night Transaction"
T0121,C086,M001,2026-04-02T06:28:00.000Z,3476.25,Purchase,Luxury,City_8,CA,Online,Debit,Customer_86,42,F,City_17,NY,Premium,Merchant_1,City_16,WA,Medium,1,1,0,6,0,1,0,65,Yes,High,"High Amount, Location Mismatch"
T0336,C086,M009,2026-04-05T09:20:00.000Z,3439.31,Purchase,Luxury,City_8,IL,Online,Credit,Customer_86,42,F,City_17,NY,Premium,Merchant_9,City_12,IL,High,1,1,1,9,0,1,0,80,Yes,High,"High Amount, Location Mismatch, High Risk Merchant"
T0772,C086,M017,2026-04-05T10:04:00.000Z,4349.2,Purchase,Travel,City_12,CA,Online,Debit,Customer_86,42,F,City_17,NY,Premium,Merchant_17,City_1,FL,Low,1,1,0,10,0,1,0,65,Yes,High,"High Amount, Location Mismatch"
T0352,C086,M006,2026-04-06T12:56:00.000Z,1078.72,Purchase,Electronics,City_18,TX,POS,Credit,Customer_86,42,F,City_17,NY,Premium,Merchant_6,City_18,WA,High,0,1,1,12,0,1,0,40,No,Medium,"Location Mismatch, High Risk Merchant"
T0453,C086,M026,2026-04-04T16:19:00.000Z,1611.07,Purchase,Retail,City_6,NY,POS,Credit,Customer_86,42,F,City_17,NY,Premium,Merchant_26,City_17,FL,Low,0,0,0,16,0,2,0,0,No,Low,""
T0146,C086,M025,2026-04-06T16:10:00.000Z,2520.71,Purchase,Retail,City_15,CA,POS,Credit,Customer_86,42,F,City_17,NY,Premium,Merchant_25,City_5,CA,Medium,1,1,0,16,0,2,0,65,Yes,High,"High Amount, Location Mismatch"
T0186,C086,M001,2026-04-03T20:19:00.000Z,3863.89,Purchase,Luxury,City_14,WA,POS,Debit,Customer_86,42,F,City_17,NY,Premium,Merchant_1,City_16,WA,Medium,1,1,0,20,0,1,0,65,Yes,High,"High Amount, Location Mismatch"
T0951,C087,M002,2026-04-07T00:48:00.000Z,2203.61,Purchase,Luxury,City_15,FL,Online,Credit,Customer_87,33,F,City_3,FL,Premium,Merchant_2,City_11,CA,High,1,0,1,0,1,1,0,65,Yes,High,"High Amount, High Risk Merchant, Night Transaction"
T0144,C087,M002,2026-04-05T01:59:00.000Z,1164.34,Purchase,Luxury,City_20,WA,POS,Credit,Customer_87,33,F,City_3,FL,Premium,Merchant_2,City_11,CA,High,0,1,1,1,1,1,0,50,Yes,High,"Location Mismatch, High Risk Merchant, Night Transaction"
T0265,C087,M002,2026-04-02T07:50:00.000Z,1105.63,Purchase,Luxury,City_19,IL,POS,Debit,Customer_87,33,F,City_3,FL,Premium,Merchant_2,City_11,CA,High,0,1,1,7,0,1,0,40,No,Medium,"Location Mismatch, High Risk Merchant"
T0145,C087,M011,2026-04-03T08:15:00.000Z,4768.75,Purchase,Luxury,City_7,NY,Online,Credit,Customer_87,33,F,City_3,FL,Premium,Merchant_11,City_20,IL,High,1,1,1,8,0,2,0,80,Yes,High,"High Amount, Location Mismatch, High Risk Merchant"
T0587,C087,M027,2026-04-03T08:45:00.000Z,963.96,Purchase,Online,City_2,CA,Online,Credit,Customer_87,33,F,City_3,FL,Premium,Merchant_27,City_12,CA,High,0,1,1,8,0,2,0,40,No,Medium,"Location Mismatch, High Risk Merchant"
T0559,C087,M005,2026-04-03T11:08:00.000Z,3464.45,Purchase,Luxury,City_6,NY,Online,Debit,Customer_87,33,F,City_3,FL,Premium,Merchant_5,City_17,IL,High,1,1,1,11,0,1,0,80,Yes,High,"High Amount, Location Mismatch, High Risk Merchant"
T0775,C087,M018,2026-04-04T13:21:00.000Z,158.55,Purchase,Electronics,City_7,CA,POS,Debit,Customer_87,33,F,City_3,FL,Premium,Merchant_18,City_1,IL,High,0,1,1,13,0,2,0,40,No,Medium,"Location Mismatch, High Risk Merchant"
T0547,C087,M012,2026-04-02T13:42:00.000Z,3509.46,Purchase,Grocery,City_17,TX,Online,Debit,Customer_87,33,F,City_3,FL,Premium,Merchant_12,City_2,WA,High,1,1,1,13,0,2,0,80,Yes,High,"High Amount, Location Mismatch, High Risk Merchant"
T0101,C087,M005,2026-04-05T14:01:00.000Z,826.91,Purchase,Luxury,City_5,TX,Online,Credit,Customer_87,33,F,City_3,FL,Premium,Merchant_5,City_17,IL,High,0,1,1,14,0,2,0,40,No,Medium,"Location Mismatch, High Risk Merchant"
T0912,C087,M001,2026-04-06T14:57:00.000Z,681.33,Purchase,Luxury,City_14,FL,Online,Credit,Customer_87,33,F,City_3,FL,Premium,Merchant_1,City_16,WA,Medium,0,0,0,14,0,2,0,0,No,Low,""
T0665,C087,M014,2026-04-01T17:15:00.000Z,430.35,Purchase,Grocery,City_8,TX,POS,Debit,Customer_87,33,F,City_3,FL,Premium,Merchant_14,City_8,CA,High,0,1,1,17,0,2,0,40,No,Medium,"Location Mismatch, High Risk Merchant"
T0310,C087,M002,2026-04-03T17:23:00.000Z,3629.57,Purchase,Luxury,City_5,FL,POS,Debit,Customer_87,33,F,City_3,FL,Premium,Merchant_2,City_11,CA,High,1,0,1,17,0,2,0,55,Yes,High,"High Amount, High Risk Merchant"
T0423,C087,M006,2026-04-02T21:30:00.000Z,2258.47,Purchase,Electronics,City_13,CA,Online,Debit,Customer_87,33,F,City_3,FL,Premium,Merchant_6,City_18,WA,High,1,1,1,21,0,1,0,80,Yes,High,"High Amount, Location Mismatch, High Risk Merchant"
T0084,C087,M024,2026-04-07T22:13:00.000Z,341.68,Purchase,Electronics,City_6,IL,POS,Credit,Customer_87,33,F,City_3,FL,Premium,Merchant_24,City_6,FL,High,0,1,1,22,0,1,0,40,No,Medium,"Location Mismatch, High Risk Merchant"
T0964,C087,M021,2026-04-02T23:16:00.000Z,3603.45,Purchase,Electronics,City_17,WA,Online,Credit,Customer_87,33,F,City_3,FL,Premium,Merchant_21,City_16,TX,Low,1,1,0,23,0,1,0,65,Yes,High,"High Amount, Location Mismatch"
T0251,C088,M001,2026-04-07T05:23:00.000Z,146.68,Purchase,Luxury,City_17,WA,Online,Debit,Customer_88,31,M,City_13,WA,Premium,Merchant_1,City_16,WA,Medium,0,0,0,5,1,1,0,10,No,Low,Night Transaction
T0114,C088,M028,2026-04-01T10:33:00.000Z,3773.58,Purchase,Grocery,City_9,WA,POS,Credit,Customer_88,31,M,City_13,WA,Premium,Merchant_28,City_3,IL,High,1,0,1,10,0,2,0,55,Yes,High,"High Amount, High Risk Merchant"
T0893,C088,M008,2026-04-02T10:40:00.000Z,1728.8,Purchase,Travel,City_4,NY,Online,Debit,Customer_88,31,M,City_13,WA,Premium,Merchant_8,City_13,IL,Medium,0,1,0,10,0,2,0,25,No,Medium,Location Mismatch
T0363,C088,M004,2026-04-04T12:53:00.000Z,1473.82,Purchase,Grocery,City_10,IL,Online,Credit,Customer_88,31,M,City_13,WA,Premium,Merchant_4,City_3,TX,Medium,0,1,0,12,0,2,0,25,No,Medium,Location Mismatch
T0061,C088,M028,2026-04-04T12:43:00.000Z,3624.32,Purchase,Grocery,City_8,WA,POS,Debit,Customer_88,31,M,City_13,WA,Premium,Merchant_28,City_3,IL,High,1,0,1,12,0,2,0,55,Yes,High,"High Amount, High Risk Merchant"
T0853,C088,M002,2026-04-01T14:12:00.000Z,4861.01,Purchase,Luxury,City_20,IL,Online,Credit,Customer_88,31,M,City_13,WA,Premium,Merchant_2,City_11,CA,High,1,1,1,14,0,1,0,80,Yes,High,"High Amount, Location Mismatch, High Risk Merchant"
T0150,C088,M005,2026-04-04T17:59:00.000Z,3827.02,Purchase,Luxury,City_20,IL,Online,Credit,Customer_88,31,M,City_13,WA,Premium,Merchant_5,City_17,IL,High,1,1,1,17,0,2,0,80,Yes,High,"High Amount, Location Mismatch, High Risk Merchant"
T0632,C088,M009,2026-04-01T17:39:00.000Z,4468.17,Purchase,Luxury,City_8,TX,POS,Debit,Customer_88,31,M,City_13,WA,Premium,Merchant_9,City_12,IL,High,1,1,1,17,0,2,0,80,Yes,High,"High Amount, Location Mismatch, High Risk Merchant"
T0515,C088,M005,2026-04-01T19:39:00.000Z,3231.44,Purchase,Luxury,City_2,IL,Online,Debit,Customer_88,31,M,City_13,WA,Premium,Merchant_5,City_17,IL,High,1,1,1,19,0,1,0,80,Yes,High,"High Amount, Location Mismatch, High Risk Merchant"
T0770,C089,M030,2026-04-03T00:54:00.000Z,4520.62,Purchase,Luxury,City_17,WA,POS,Debit,Customer_89,35,F,City_4,CA,Premium,Merchant_30,City_7,TX,Medium,1,1,0,0,1,1,0,75,Yes,High,"High Amount, Location Mismatch, Night Transaction"
T0358,C089,M016,2026-04-02T02:15:00.000Z,2272.97,Purchase,Retail,City_11,FL,Online,Credit,Customer_89,35,F,City_4,CA,Premium,Merchant_16,City_5,CA,Medium,1,1,0,2,1,1,0,75,Yes,High,"High Amount, Location Mismatch, Night Transaction"
T0014,C089,M025,2026-04-01T11:37:00.000Z,2260.77,Purchase,Retail,City_18,FL,Online,Credit,Customer_89,35,F,City_4,CA,Premium,Merchant_25,City_5,CA,Medium,1,1,0,11,0,1,0,65,Yes,High,"High Amount, Location Mismatch"
T0495,C089,M030,2026-04-03T13:12:00.000Z,666.25,Purchase,Luxury,City_2,WA,Online,Credit,Customer_89,35,F,City_4,CA,Premium,Merchant_30,City_7,TX,Medium,0,1,0,13,0,1,0,25,No,Medium,Location Mismatch
T0854,C089,M026,2026-04-01T16:35:00.000Z,1657.06,Purchase,Retail,City_6,FL,Online,Debit,Customer_89,35,F,City_4,CA,Premium,Merchant_26,City_17,FL,Low,0,1,0,16,0,1,0,25,No,Medium,Location Mismatch
T0643,C089,M018,2026-04-02T17:04:00.000Z,3887.73,Purchase,Electronics,City_18,FL,POS,Debit,Customer_89,35,F,City_4,CA,Premium,Merchant_18,City_1,IL,High,1,1,1,17,0,1,0,80,Yes,High,"High Amount, Location Mismatch, High Risk Merchant"
T0897,C089,M019,2026-04-01T19:44:00.000Z,2210.23,Purchase,Luxury,City_10,NY,Online,Debit,Customer_89,35,F,City_4,CA,Premium,Merchant_19,City_10,CA,Low,1,1,0,19,0,1,0,65,Yes,High,"High Amount, Location Mismatch"
T0216,C089,M022,2026-04-06T22:15:00.000Z,3636.2,Purchase,Online,City_8,TX,POS,Debit,Customer_89,35,F,City_4,CA,Premium,Merchant_22,City_1,TX,Medium,1,1,0,22,0,1,0,65,Yes,High,"High Amount, Location Mismatch"
T0941,C090,M018,2026-04-02T04:55:00.000Z,1290.45,Purchase,Electronics,City_9,WA,POS,Credit,Customer_90,63,F,City_16,WA,Premium,Merchant_18,City_1,IL,High,0,0,1,4,1,1,0,25,No,Medium,"High Risk Merchant, Night Transaction"
T0435,C090,M026,2026-04-05T08:09:00.000Z,4969.72,Purchase,Retail,City_15,FL,Online,Debit,Customer_90,63,F,City_16,WA,Premium,Merchant_26,City_17,FL,Low,1,1,0,8,0,1,0,65,Yes,High,"High Amount, Location Mismatch"
T0282,C090,M002,2026-04-06T10:52:00.000Z,1203.77,Purchase,Luxury,City_10,CA,POS,Debit,Customer_90,63,F,City_16,WA,Premium,Merchant_2,City_11,CA,High,0,1,1,10,0,1,0,40,No,Medium,"Location Mismatch, High Risk Merchant"
T0628,C090,M022,2026-04-07T15:36:00.000Z,248.91,Purchase,Online,City_9,FL,Online,Debit,Customer_90,63,F,City_16,WA,Premium,Merchant_22,City_1,TX,Medium,0,1,0,15,0,1,0,25,No,Medium,Location Mismatch
T0780,C090,M025,2026-04-06T16:23:00.000Z,1694.11,Purchase,Retail,City_10,IL,POS,Debit,Customer_90,63,F,City_16,WA,Premium,Merchant_25,City_5,CA,Medium,0,1,0,16,0,2,0,25,No,Medium,Location Mismatch
T0842,C090,M030,2026-04-06T16:53:00.000Z,2890.95,Purchase,Luxury,City_5,FL,POS,Credit,Customer_90,63,F,City_16,WA,Premium,Merchant_30,City_7,TX,Medium,1,1,0,16,0,2,0,65,Yes,High,"High Amount, Location Mismatch"
T0970,C090,M010,2026-04-04T17:39:00.000Z,985.33,Purchase,Grocery,City_4,TX,POS,Debit,Customer_90,63,F,City_16,WA,Premium,Merchant_10,City_4,NY,Low,0,1,0,17,0,1,0,25,No,Medium,Location Mismatch
T1000,C090,M003,2026-04-04T19:51:00.000Z,4597.49,Purchase,Online,City_14,CA,POS,Debit,Customer_90,63,F,City_16,WA,Premium,Merchant_3,City_3,TX,Low,1,1,0,19,0,1,0,65,Yes,High,"High Amount, Location Mismatch"
T0742,C090,M030,2026-04-03T21:36:00.000Z,709.56,Purchase,Luxury,City_12,FL,Online,Debit,Customer_90,63,F,City_16,WA,Premium,Merchant_30,City_7,TX,Medium,0,1,0,21,0,1,0,25,No,Medium,Location Mismatch
T0820,C091,M025,2026-04-07T00:43:00.000Z,1324.16,Purchase,Retail,City_3,IL,Online,Debit,Customer_91,24,F,City_3,TX,Premium,Merchant_25,City_5,CA,Medium,0,1,0,0,1,1,0,35,No,Medium,"Location Mismatch, Night Transaction"
T0179,C091,M011,2026-04-04T03:02:00.000Z,329.91,Purchase,Luxury,City_1,FL,POS,Debit,Customer_91,24,F,City_3,TX,Premium,Merchant_11,City_20,IL,High,0,1,1,3,1,1,0,50,Yes,High,"Location Mismatch, High Risk Merchant, Night Transaction"
T0731,C091,M009,2026-04-04T05:24:00.000Z,2576.55,Purchase,Luxury,City_15,NY,POS,Credit,Customer_91,24,F,City_3,TX,Premium,Merchant_9,City_12,IL,High,1,1,1,5,1,1,0,90,Yes,High,"High Amount, Location Mismatch, High Risk Merchant, Night Transaction"
T0973,C091,M007,2026-04-06T07:54:00.000Z,663.36,Purchase,Retail,City_1,CA,Online,Credit,Customer_91,24,F,City_3,TX,Premium,Merchant_7,City_10,FL,High,0,1,1,7,0,1,0,40,No,Medium,"Location Mismatch, High Risk Merchant"
T0675,C091,M027,2026-04-05T09:33:00.000Z,1020.05,Purchase,Online,City_10,NY,POS,Debit,Customer_91,24,F,City_3,TX,Premium,Merchant_27,City_12,CA,High,0,1,1,9,0,1,0,40,No,Medium,"Location Mismatch, High Risk Merchant"
T0709,C091,M020,2026-04-06T12:09:00.000Z,1182.81,Purchase,Travel,City_15,TX,POS,Credit,Customer_91,24,F,City_3,TX,Premium,Merchant_20,City_13,TX,Medium,0,0,0,12,0,2,0,0,No,Low,""
T0412,C091,M014,2026-04-03T12:16:00.000Z,1788.78,Purchase,Grocery,City_2,FL,POS,Credit,Customer_91,24,F,City_3,TX,Premium,Merchant_14,City_8,CA,High,0,1,1,12,0,2,0,40,No,Medium,"Location Mismatch, High Risk Merchant"
T0639,C091,M027,2026-04-03T19:23:00.000Z,4991.09,Purchase,Online,City_17,TX,POS,Credit,Customer_91,24,F,City_3,TX,Premium,Merchant_27,City_12,CA,High,1,0,1,19,0,1,0,55,Yes,High,"High Amount, High Risk Merchant"
T0277,C092,M023,2026-04-04T04:50:00.000Z,4243.87,Purchase,Retail,City_12,TX,POS,Debit,Customer_92,60,M,City_2,IL,Premium,Merchant_23,City_15,TX,High,1,1,1,4,1,1,0,90,Yes,High,"High Amount, Location Mismatch, High Risk Merchant, Night Transaction"
T0377,C092,M030,2026-04-06T07:49:00.000Z,2963.87,Purchase,Luxury,City_20,TX,POS,Debit,Customer_92,60,M,City_2,IL,Premium,Merchant_30,City_7,TX,Medium,1,1,0,7,0,1,0,65,Yes,High,"High Amount, Location Mismatch"
T0980,C092,M015,2026-04-05T08:56:00.000Z,3771.27,Purchase,Electronics,City_11,TX,Online,Debit,Customer_92,60,M,City_2,IL,Premium,Merchant_15,City_16,FL,Medium,1,1,0,8,0,1,0,65,Yes,High,"High Amount, Location Mismatch"
T0494,C092,M023,2026-04-06T09:09:00.000Z,247.52,Purchase,Retail,City_20,FL,POS,Debit,Customer_92,60,M,City_2,IL,Premium,Merchant_23,City_15,TX,High,0,1,1,9,0,1,0,40,No,Medium,"Location Mismatch, High Risk Merchant"
T0602,C092,M007,2026-04-01T10:38:00.000Z,1236.3,Purchase,Retail,City_14,IL,Online,Debit,Customer_92,60,M,City_2,IL,Premium,Merchant_7,City_10,FL,High,0,0,1,10,0,2,0,15,No,Low,High Risk Merchant
T0024,C092,M006,2026-04-03T10:01:00.000Z,3985.36,Purchase,Electronics,City_12,TX,Online,Credit,Customer_92,60,M,City_2,IL,Premium,Merchant_6,City_18,WA,High,1,1,1,10,0,2,0,80,Yes,High,"High Amount, Location Mismatch, High Risk Merchant"
T0371,C092,M007,2026-04-02T14:06:00.000Z,2924.13,Purchase,Retail,City_8,FL,Online,Debit,Customer_92,60,M,City_2,IL,Premium,Merchant_7,City_10,FL,High,1,1,1,14,0,1,0,80,Yes,High,"High Amount, Location Mismatch, High Risk Merchant"
T0767,C092,M022,2026-04-01T22:40:00.000Z,605.84,Purchase,Online,City_6,WA,Online,Credit,Customer_92,60,M,City_2,IL,Premium,Merchant_22,City_1,TX,Medium,0,1,0,22,0,1,0,25,No,Medium,Location Mismatch
T0696,C093,M018,2026-04-06T06:07:00.000Z,2750.98,Purchase,Electronics,City_19,FL,POS,Debit,Customer_93,50,M,City_11,TX,Premium,Merchant_18,City_1,IL,High,1,1,1,6,0,1,0,80,Yes,High,"High Amount, Location Mismatch, High Risk Merchant"
T0077,C093,M003,2026-04-07T08:24:00.000Z,4327.12,Purchase,Online,City_3,IL,POS,Credit,Customer_93,50,M,City_11,TX,Premium,Merchant_3,City_3,TX,Low,1,1,0,8,0,1,0,65,Yes,High,"High Amount, Location Mismatch"
T0264,C093,M018,2026-04-06T16:31:00.000Z,3593.41,Purchase,Electronics,City_10,CA,POS,Debit,Customer_93,50,M,City_11,TX,Premium,Merchant_18,City_1,IL,High,1,1,1,16,0,2,0,80,Yes,High,"High Amount, Location Mismatch, High Risk Merchant"
T0871,C093,M021,2026-04-04T16:26:00.000Z,2266.69,Purchase,Electronics,City_11,CA,POS,Debit,Customer_93,50,M,City_11,TX,Premium,Merchant_21,City_16,TX,Low,1,1,0,16,0,2,0,65,Yes,High,"High Amount, Location Mismatch"
T0858,C093,M016,2026-04-02T17:17:00.000Z,3129.59,Purchase,Retail,City_19,CA,POS,Credit,Customer_93,50,M,City_11,TX,Premium,Merchant_16,City_5,CA,Medium,1,1,0,17,0,1,0,65,Yes,High,"High Amount, Location Mismatch"
T0333,C093,M005,2026-04-02T23:25:00.000Z,969.25,Purchase,Luxury,City_6,WA,Online,Debit,Customer_93,50,M,City_11,TX,Premium,Merchant_5,City_17,IL,High,0,1,1,23,0,1,0,40,No,Medium,"Location Mismatch, High Risk Merchant"
T0867,C094,M023,2026-04-07T02:26:00.000Z,3692.28,Purchase,Retail,City_17,TX,POS,Debit,Customer_94,27,F,City_13,TX,Standard,Merchant_23,City_15,TX,High,1,0,1,2,1,1,0,65,Yes,High,"High Amount, High Risk Merchant, Night Transaction"
T0283,C094,M019,2026-04-06T03:30:00.000Z,4528.29,Purchase,Luxury,City_19,FL,POS,Debit,Customer_94,27,F,City_13,TX,Standard,Merchant_19,City_10,CA,Low,1,1,0,3,1,2,0,75,Yes,High,"High Amount, Location Mismatch, Night Transaction"
T0031,C094,M022,2026-04-06T03:48:00.000Z,225.19,Purchase,Online,City_12,CA,POS,Credit,Customer_94,27,F,City_13,TX,Standard,Merchant_22,City_1,TX,Medium,0,1,0,3,1,2,0,35,No,Medium,"Location Mismatch, Night Transaction"
T0582,C094,M017,2026-04-04T09:13:00.000Z,4789.74,Purchase,Travel,City_15,IL,POS,Debit,Customer_94,27,F,City_13,TX,Standard,Merchant_17,City_1,FL,Low,1,1,0,9,0,1,0,65,Yes,High,"High Amount, Location Mismatch"
T0131,C094,M006,2026-04-02T10:46:00.000Z,4932.7,Purchase,Electronics,City_16,IL,Online,Debit,Customer_94,27,F,City_13,TX,Standard,Merchant_6,City_18,WA,High,1,1,1,10,0,3,1,100,Yes,High,"High Amount, Location Mismatch, High Risk Merchant, Rapid Repeat"
T0887,C094,M026,2026-04-04T10:15:00.000Z,3685.33,Purchase,Retail,City_18,CA,Online,Credit,Customer_94,27,F,City_13,TX,Standard,Merchant_26,City_17,FL,Low,1,1,0,10,0,3,1,85,Yes,High,"High Amount, Location Mismatch, Rapid Repeat"
T0701,C094,M003,2026-04-04T10:01:00.000Z,1691.44,Purchase,Online,City_13,FL,POS,Debit,Customer_94,27,F,City_13,TX,Standard,Merchant_3,City_3,TX,Low,0,1,0,10,0,3,1,45,No,Medium,"Location Mismatch, Rapid Repeat"
T0387,C094,M006,2026-04-04T11:10:00.000Z,147.44,Purchase,Electronics,City_2,FL,POS,Credit,Customer_94,27,F,City_13,TX,Standard,Merchant_6,City_18,WA,High,0,1,1,11,0,1,0,40,No,Medium,"Location Mismatch, High Risk Merchant"
T0586,C094,M002,2026-04-02T15:04:00.000Z,3090.54,Purchase,Luxury,City_6,NY,Online,Debit,Customer_94,27,F,City_13,TX,Standard,Merchant_2,City_11,CA,High,1,1,1,15,0,2,0,80,Yes,High,"High Amount, Location Mismatch, High Risk Merchant"
T0335,C094,M009,2026-04-05T15:24:00.000Z,401.23,Purchase,Luxury,City_1,IL,POS,Credit,Customer_94,27,F,City_13,TX,Standard,Merchant_9,City_12,IL,High,0,1,1,15,0,2,0,40,No,Medium,"Location Mismatch, High Risk Merchant"
T0198,C094,M007,2026-04-01T18:42:00.000Z,1346.29,Purchase,Retail,City_1,CA,Online,Credit,Customer_94,27,F,City_13,TX,Standard,Merchant_7,City_10,FL,High,0,1,1,18,0,1,0,40,No,Medium,"Location Mismatch, High Risk Merchant"
T0919,C095,M024,2026-04-01T01:38:00.000Z,1714.86,Purchase,Electronics,City_18,NY,POS,Debit,Customer_95,27,M,City_14,TX,Standard,Merchant_24,City_6,FL,High,0,1,1,1,1,1,0,50,Yes,High,"Location Mismatch, High Risk Merchant, Night Transaction"
T0925,C095,M022,2026-04-02T03:02:00.000Z,4795.75,Purchase,Online,City_11,FL,Online,Credit,Customer_95,27,M,City_14,TX,Standard,Merchant_22,City_1,TX,Medium,1,1,0,3,1,2,0,75,Yes,High,"High Amount, Location Mismatch, Night Transaction"
T0067,C095,M026,2026-04-04T03:37:00.000Z,2754.42,Purchase,Retail,City_14,FL,POS,Credit,Customer_95,27,M,City_14,TX,Standard,Merchant_26,City_17,FL,Low,1,1,0,3,1,2,0,75,Yes,High,"High Amount, Location Mismatch, Night Transaction"
T0361,C095,M024,2026-04-07T07:02:00.000Z,1645.24,Purchase,Electronics,City_2,CA,POS,Credit,Customer_95,27,M,City_14,TX,Standard,Merchant_24,City_6,FL,High,0,1,1,7,0,1,0,40,No,Medium,"Location Mismatch, High Risk Merchant"
T0398,C095,M021,2026-04-04T09:02:00.000Z,4477.74,Purchase,Electronics,City_12,NY,POS,Credit,Customer_95,27,M,City_14,TX,Standard,Merchant_21,City_16,TX,Low,1,1,0,9,0,1,0,65,Yes,High,"High Amount, Location Mismatch"
T0686,C095,M004,2026-04-07T15:10:00.000Z,1384.85,Purchase,Grocery,City_19,IL,Online,Debit,Customer_95,27,M,City_14,TX,Standard,Merchant_4,City_3,TX,Medium,0,1,0,15,0,1,0,25,No,Medium,Location Mismatch
T0869,C095,M015,2026-04-03T16:39:00.000Z,4552.62,Purchase,Electronics,City_3,TX,POS,Credit,Customer_95,27,M,City_14,TX,Standard,Merchant_15,City_16,FL,Medium,1,0,0,16,0,1,0,40,No,Medium,High Amount
T0754,C095,M025,2026-04-07T17:22:00.000Z,4179.59,Purchase,Retail,City_16,IL,POS,Credit,Customer_95,27,M,City_14,TX,Standard,Merchant_25,City_5,CA,Medium,1,1,0,17,0,2,0,65,Yes,High,"High Amount, Location Mismatch"
T0949,C095,M017,2026-04-03T17:10:00.000Z,2640.35,Purchase,Travel,City_14,CA,POS,Debit,Customer_95,27,M,City_14,TX,Standard,Merchant_17,City_1,FL,Low,1,1,0,17,0,2,0,65,Yes,High,"High Amount, Location Mismatch"
T0750,C095,M029,2026-04-07T18:20:00.000Z,1221.27,Purchase,Travel,City_2,IL,Online,Credit,Customer_95,27,M,City_14,TX,Standard,Merchant_29,City_3,IL,Low,0,1,0,18,0,1,0,25,No,Medium,Location Mismatch
T0318,C096,M029,2026-04-05T03:19:00.000Z,835.68,Purchase,Travel,City_14,CA,POS,Debit,Customer_96,57,F,City_14,IL,Premium,Merchant_29,City_3,IL,Low,0,1,0,3,1,1,0,35,No,Medium,"Location Mismatch, Night Transaction"
T0722,C096,M006,2026-04-05T04:40:00.000Z,1937.12,Purchase,Electronics,City_8,FL,POS,Credit,Customer_96,57,F,City_14,IL,Premium,Merchant_6,City_18,WA,High,0,1,1,4,1,1,0,50,Yes,High,"Location Mismatch, High Risk Merchant, Night Transaction"
T0827,C096,M030,2026-04-01T06:21:00.000Z,3747.98,Purchase,Luxury,City_12,FL,Online,Credit,Customer_96,57,F,City_14,IL,Premium,Merchant_30,City_7,TX,Medium,1,1,0,6,0,2,0,65,Yes,High,"High Amount, Location Mismatch"
T0242,C096,M010,2026-04-05T06:26:00.000Z,2226.96,Purchase,Grocery,City_10,NY,Online,Debit,Customer_96,57,F,City_14,IL,Premium,Merchant_10,City_4,NY,Low,1,1,0,6,0,2,0,65,Yes,High,"High Amount, Location Mismatch"
T0126,C096,M010,2026-04-05T07:06:00.000Z,3514.32,Purchase,Grocery,City_8,WA,POS,Credit,Customer_96,57,F,City_14,IL,Premium,Merchant_10,City_4,NY,Low,1,1,0,7,0,1,0,65,Yes,High,"High Amount, Location Mismatch"
T0662,C096,M001,2026-04-01T08:23:00.000Z,4632.88,Purchase,Luxury,City_13,NY,Online,Debit,Customer_96,57,F,City_14,IL,Premium,Merchant_1,City_16,WA,Medium,1,1,0,8,0,1,0,65,Yes,High,"High Amount, Location Mismatch"
T0735,C096,M011,2026-04-01T19:21:00.000Z,762.38,Purchase,Luxury,City_4,TX,POS,Credit,Customer_96,57,F,City_14,IL,Premium,Merchant_11,City_20,IL,High,0,1,1,19,0,1,0,40,No,Medium,"Location Mismatch, High Risk Merchant"
T0289,C096,M013,2026-04-07T21:40:00.000Z,3318.25,Purchase,Retail,City_2,NY,Online,Credit,Customer_96,57,F,City_14,IL,Premium,Merchant_13,City_12,NY,High,1,1,1,21,0,1,0,80,Yes,High,"High Amount, Location Mismatch, High Risk Merchant"
T0071,C097,M014,2026-04-04T00:18:00.000Z,149.48,Purchase,Grocery,City_6,WA,Online,Debit,Customer_97,39,M,City_2,CA,Standard,Merchant_14,City_8,CA,High,0,1,1,0,1,1,0,50,Yes,High,"Location Mismatch, High Risk Merchant, Night Transaction"
T0165,C097,M024,2026-04-03T03:03:00.000Z,2276.43,Purchase,Electronics,City_8,IL,Online,Debit,Customer_97,39,M,City_2,CA,Standard,Merchant_24,City_6,FL,High,1,1,1,3,1,1,0,90,Yes,High,"High Amount, Location Mismatch, High Risk Merchant, Night Transaction"
T0633,C097,M030,2026-04-06T14:37:00.000Z,2909.92,Purchase,Luxury,City_3,IL,Online,Credit,Customer_97,39,M,City_2,CA,Standard,Merchant_30,City_7,TX,Medium,1,1,0,14,0,1,0,65,Yes,High,"High Amount, Location Mismatch"
T0275,C097,M017,2026-04-04T17:55:00.000Z,4752.4,Purchase,Travel,City_3,TX,Online,Debit,Customer_97,39,M,City_2,CA,Standard,Merchant_17,City_1,FL,Low,1,1,0,17,0,2,0,65,Yes,High,"High Amount, Location Mismatch"
T0499,C097,M013,2026-04-03T17:22:00.000Z,179.82,Purchase,Retail,City_15,IL,POS,Debit,Customer_97,39,M,City_2,CA,Standard,Merchant_13,City_12,NY,High,0,1,1,17,0,2,0,40,No,Medium,"Location Mismatch, High Risk Merchant"
T0752,C097,M026,2026-04-04T23:58:00.000Z,3765.93,Purchase,Retail,City_10,CA,Online,Credit,Customer_97,39,M,City_2,CA,Standard,Merchant_26,City_17,FL,Low,1,0,0,23,0,1,0,40,No,Medium,High Amount
T0894,C098,M026,2026-04-03T03:58:00.000Z,3303.02,Purchase,Retail,City_8,FL,POS,Credit,Customer_98,42,M,City_5,FL,Standard,Merchant_26,City_17,FL,Low,1,0,0,3,1,1,0,50,Yes,High,"High Amount, Night Transaction"
T0222,C098,M021,2026-04-01T04:53:00.000Z,4292.37,Purchase,Electronics,City_10,TX,Online,Credit,Customer_98,42,M,City_5,FL,Standard,Merchant_21,City_16,TX,Low,1,1,0,4,1,1,0,75,Yes,High,"High Amount, Location Mismatch, Night Transaction"
T0346,C098,M024,2026-04-07T06:02:00.000Z,3887.97,Purchase,Electronics,City_6,TX,Online,Credit,Customer_98,42,M,City_5,FL,Standard,Merchant_24,City_6,FL,High,1,1,1,6,0,1,0,80,Yes,High,"High Amount, Location Mismatch, High Risk Merchant"
T0410,C098,M007,2026-04-03T09:28:00.000Z,4663.29,Purchase,Retail,City_7,CA,POS,Credit,Customer_98,42,M,City_5,FL,Standard,Merchant_7,City_10,FL,High,1,1,1,9,0,1,0,80,Yes,High,"High Amount, Location Mismatch, High Risk Merchant"
T0402,C098,M027,2026-04-07T10:30:00.000Z,1522.43,Purchase,Online,City_5,IL,POS,Debit,Customer_98,42,M,City_5,FL,Standard,Merchant_27,City_12,CA,High,0,1,1,10,0,2,0,40,No,Medium,"Location Mismatch, High Risk Merchant"
T0189,C098,M024,2026-04-04T10:02:00.000Z,1836.95,Purchase,Electronics,City_20,TX,POS,Debit,Customer_98,42,M,City_5,FL,Standard,Merchant_24,City_6,FL,High,0,1,1,10,0,2,0,40,No,Medium,"Location Mismatch, High Risk Merchant"
T0124,C098,M011,2026-04-07T13:34:00.000Z,2171.17,Purchase,Luxury,City_1,WA,POS,Credit,Customer_98,42,M,City_5,FL,Standard,Merchant_11,City_20,IL,High,1,1,1,13,0,1,0,80,Yes,High,"High Amount, Location Mismatch, High Risk Merchant"
T0226,C098,M026,2026-04-02T14:39:00.000Z,2581.05,Purchase,Retail,City_16,TX,POS,Debit,Customer_98,42,M,City_5,FL,Standard,Merchant_26,City_17,FL,Low,1,1,0,14,0,2,0,65,Yes,High,"High Amount, Location Mismatch"
T0792,C098,M028,2026-04-02T14:06:00.000Z,4063.38,Purchase,Grocery,City_8,WA,Online,Credit,Customer_98,42,M,City_5,FL,Standard,Merchant_28,City_3,IL,High,1,1,1,14,0,2,0,80,Yes,High,"High Amount, Location Mismatch, High Risk Merchant"
T0546,C098,M004,2026-04-07T15:46:00.000Z,372.56,Purchase,Grocery,City_16,CA,Online,Debit,Customer_98,42,M,City_5,FL,Standard,Merchant_4,City_3,TX,Medium,0,1,0,15,0,2,0,25,No,Medium,Location Mismatch
T0287,C098,M023,2026-04-03T15:50:00.000Z,694.61,Purchase,Retail,City_8,FL,Online,Debit,Customer_98,42,M,City_5,FL,Standard,Merchant_23,City_15,TX,High,0,0,1,15,0,2,0,15,No,Low,High Risk Merchant
T0976,C098,M006,2026-04-02T18:44:00.000Z,1099.75,Purchase,Electronics,City_7,NY,POS,Credit,Customer_98,42,M,City_5,FL,Standard,Merchant_6,City_18,WA,High,0,1,1,18,0,1,0,40,No,Medium,"Location Mismatch, High Risk Merchant"
T0907,C098,M002,2026-04-05T20:04:00.000Z,2277.72,Purchase,Luxury,City_20,TX,POS,Debit,Customer_98,42,M,City_5,FL,Standard,Merchant_2,City_11,CA,High,1,1,1,20,0,1,0,80,Yes,High,"High Amount, Location Mismatch, High Risk Merchant"
T0625,C098,M002,2026-04-03T22:20:00.000Z,198.02,Purchase,Luxury,City_16,NY,Online,Debit,Customer_98,42,M,City_5,FL,Standard,Merchant_2,City_11,CA,High,0,1,1,22,0,1,0,40,No,Medium,"Location Mismatch, High Risk Merchant"
T0476,C099,M004,2026-04-01T08:34:00.000Z,4563.74,Purchase,Grocery,City_5,IL,POS,Credit,Customer_99,52,M,City_10,NY,Standard,Merchant_4,City_3,TX,Medium,1,1,0,8,0,1,0,65,Yes,High,"High Amount, Location Mismatch"
T0652,C099,M027,2026-04-01T13:13:00.000Z,4364.11,Purchase,Online,City_10,IL,Online,Debit,Customer_99,52,M,City_10,NY,Standard,Merchant_27,City_12,CA,High,1,1,1,13,0,1,0,80,Yes,High,"High Amount, Location Mismatch, High Risk Merchant"
T0989,C099,M030,2026-04-04T17:23:00.000Z,1087.3,Purchase,Luxury,City_14,CA,Online,Debit,Customer_99,52,M,City_10,NY,Standard,Merchant_30,City_7,TX,Medium,0,1,0,17,0,1,0,25,No,Medium,Location Mismatch
T0021,C100,M010,2026-04-04T06:02:00.000Z,1658.13,Purchase,Grocery,City_13,CA,POS,Credit,Customer_100,45,F,City_20,CA,Premium,Merchant_10,City_4,NY,Low,0,0,0,6,0,1,0,0,No,Low,""
T0596,C100,M021,2026-04-05T10:30:00.000Z,3870.3,Purchase,Electronics,City_13,WA,Online,Credit,Customer_100,45,F,City_20,CA,Premium,Merchant_21,City_16,TX,Low,1,1,0,10,0,1,0,65,Yes,High,"High Amount, Location Mismatch"
T0776,C100,M004,2026-04-02T11:48:00.000Z,3679.96,Purchase,Grocery,City_3,TX,POS,Credit,Customer_100,45,F,City_20,CA,Premium,Merchant_4,City_3,TX,Medium,1,1,0,11,0,1,0,65,Yes,High,"High Amount, Location Mismatch"
T0760,C100,M020,2026-04-01T12:01:00.000Z,4854.3,Purchase,Travel,City_2,CA,Online,Debit,Customer_100,45,F,City_20,CA,Premium,Merchant_20,City_13,TX,Medium,1,0,0,12,0,1,0,40,No,Medium,High Amount
T0692,C100,M020,2026-04-05T13:52:00.000Z,2608.96,Purchase,Travel,City_14,WA,Online,Credit,Customer_100,45,F,City_20,CA,Premium,Merchant_20,City_13,TX,Medium,1,1,0,13,0,1,0,65,Yes,High,"High Amount, Location Mismatch"
T0079,C100,M018,2026-04-07T18:59:00.000Z,2959.32,Purchase,Electronics,City_7,FL,Online,Debit,Customer_100,45,F,City_20,CA,Premium,Merchant_18,City_1,IL,High,1,1,1,18,0,1,0,80,Yes,High,"High Amount, Location Mismatch, High Risk Merchant"
T0814,C100,M027,2026-04-05T19:53:00.000Z,4185.6,Purchase,Online,City_7,FL,Online,Debit,Customer_100,45,F,City_20,CA,Premium,Merchant_27,City_12,CA,High,1,1,1,19,0,1,0,80,Yes,High,"High Amount, Location Mismatch, High Risk Merchant"
T0574,C100,M005,2026-04-06T21:34:00.000Z,2642.62,Purchase,Luxury,City_1,CA,Online,Debit,Customer_100,45,F,City_20,CA,Premium,Merchant_5,City_17,IL,High,1,0,1,21,0,2,0,55,Yes,High,"High Amount, High Risk Merchant"
T0859,C100,M007,2026-04-03T21:23:00.000Z,4629.01,Purchase,Retail,City_18,FL,POS,Credit,Customer_100,45,F,City_20,CA,Premium,Merchant_7,City_10,FL,High,1,1,1,21,0,2,0,80,Yes,High,"High Amount, Location Mismatch, High Risk Merchant"
T0844,C100,M005,2026-04-02T23:08:00.000Z,1032.52,Purchase,Luxury,City_13,IL,POS,Credit,Customer_100,45,F,City_20,CA,Premium,Merchant_5,City_17,IL,High,0,1,1,23,0,1,0,40,No,Medium,"Location Mismatch, High Risk Merchant"
